Record_ID,Date,Zone,Area,Mode_of_Transportation,Income_Group,Service_Coverage,Travel_Time_min,Mobility_Access_Score,Latitude,Longitude
29,2025-01-01,East,Whitefield,Bike,High Income,60.83,31.29,58.06,12.969262,77.757778
684,2025-01-02,Central,Richmond Town,Car,High Income,72.65,18.78,72.91,12.957513,77.605453
277,2025-01-02,South,HSR Layout,Metro,Middle Income,72.16,31.29,63.74,12.907421,77.638102
692,2025-01-02,South,HSR Layout,Scooter,Middle Income,47.01,48.71,38.71,12.915255,77.643757
353,2025-01-03,East,Indiranagar,Metro,Low Income,71.49,23.63,68.87,12.983635,77.642125
53,2025-01-03,South,Koramangala,Scooter,High Income,80.25,34.8,65.27,12.936886,77.620295
837,2025-01-04,East,Indiranagar,Scooter,Middle Income,68.9,34.56,59.76,12.970903,77.634722
158,2025-01-04,East,Marathahalli,Bus,Middle Income,77.11,39.22,60.54,12.958708,77.697859
871,2025-01-05,East,Whitefield,Bike,Low Income,63.14,35.84,55.97,12.977588,77.755595
309,2025-01-06,East,Marathahalli,Car,Low Income,46.86,45.06,41.24,12.962902,77.701678
294,2025-01-06,North,Hebbal,Bike,Middle Income,56.12,45.17,45.79,13.043055,77.600238
492,2025-01-06,North,Malleshwaram,Car,Middle Income,54.4,50.2,41.35,13.002144,77.564744
615,2025-01-06,South,HSR Layout,Car,Middle Income,60.63,32.74,56.92,12.918554,77.636508
123,2025-01-06,South,Koramangala,Scooter,High Income,70.97,39.29,57.42,12.928045,77.626958
379,2025-01-06,West,Nagarbhavi,Bus,Middle Income,54.98,35.83,51.89,12.954732,77.510282
854,2025-01-07,Central,Richmond Town,Scooter,Low Income,70.61,39.12,57.36,12.966397,77.594834
780,2025-01-07,Central,Shivajinagar,Metro,Middle Income,71.58,41.13,56.41,12.983121,77.605749
962,2025-01-07,Central,Shivajinagar,Metro,Middle Income,74.84,41.29,57.93,12.981932,77.601362
435,2025-01-07,East,Marathahalli,Scooter,High Income,58.08,35.29,53.83,12.964522,77.700943
700,2025-01-07,East,Whitefield,Bike,Middle Income,67.12,40.18,54.86,12.966647,77.746737
515,2025-01-07,South,Koramangala,Scooter,High Income,62.54,42.77,50.72,12.929249,77.618424
892,2025-01-08,South,HSR Layout,Scooter,High Income,68.03,36.58,57.88,12.915901,77.633822
547,2025-01-10,Central,Richmond Town,Bike,Middle Income,62.4,30.57,59.36,12.959207,77.603554
846,2025-01-10,West,Vijayanagar,Scooter,Middle Income,51.99,31.14,53.75,12.974772,77.548193
600,2025-01-11,Central,Shivajinagar,Bus,Middle Income,64.19,31.46,59.63,12.988962,77.612326
958,2025-01-11,East,Whitefield,Metro,High Income,82.69,41.93,61.4,12.977137,77.743301
214,2025-01-11,West,Rajajinagar,Car,Low Income,48.24,42.52,43.75,12.986554,77.550136
221,2025-01-11,West,Rajajinagar,Metro,Low Income,60.35,48.33,45.65,12.988791,77.548068
991,2025-01-12,West,Rajajinagar,Bus,Middle Income,53.35,36.53,50.58,12.997912,77.54853
373,2025-01-13,East,Marathahalli,Car,High Income,60.74,37.58,53.52,12.951813,77.699333
284,2025-01-13,East,Whitefield,Car,High Income,67.37,46.65,50.36,12.965839,77.74311
632,2025-01-13,South,Koramangala,Metro,Low Income,61.91,39.39,52.82,12.929847,77.629168
905,2025-01-13,West,Nagarbhavi,Bike,High Income,59.42,44.92,47.63,12.961429,77.516319
39,2025-01-14,Central,MG Road,Metro,High Income,82.04,40.9,61.81,12.973285,77.60956
569,2025-01-14,Central,Richmond Town,Scooter,Middle Income,68.1,41.47,54.43,12.963368,77.591835
681,2025-01-15,Central,Richmond Town,Metro,Middle Income,67.16,27.49,63.95,12.964339,77.603318
583,2025-01-15,East,Indiranagar,Bus,Middle Income,70.25,37.08,58.63,12.983068,77.636904
76,2025-01-15,West,Nagarbhavi,Metro,High Income,59.87,37.0,53.51,12.962692,77.507593
484,2025-01-15,West,Rajajinagar,Metro,Middle Income,69.44,32.36,61.61,12.991643,77.545684
705,2025-01-16,Central,MG Road,Car,Low Income,58.56,38.66,51.67,12.981935,77.61365
863,2025-01-16,Central,Shivajinagar,Bus,Low Income,69.46,39.86,56.26,12.977656,77.604813
687,2025-01-16,East,Indiranagar,Metro,High Income,72.39,31.82,63.47,12.983483,77.638049
168,2025-01-16,North,Hebbal,Bus,High Income,52.15,49.84,40.47,13.0348,77.599925
520,2025-01-16,South,HSR Layout,Bike,Middle Income,66.27,38.78,55.44,12.913735,77.645204
227,2025-01-16,South,Koramangala,Car,Low Income,55.85,40.79,48.78,12.937067,77.627698
767,2025-01-16,West,Nagarbhavi,Scooter,Middle Income,61.57,34.71,55.99,12.952955,77.516554
434,2025-01-16,West,Rajajinagar,Bike,Middle Income,37.25,47.59,34.63,12.985863,77.559239
612,2025-01-16,West,Vijayanagar,Metro,Middle Income,71.54,30.66,63.87,12.968092,77.545516
21,2025-01-17,East,Whitefield,Bike,High Income,70.61,37.48,58.53,12.973256,77.742935
929,2025-01-18,Central,MG Road,Scooter,Low Income,66.62,37.5,56.53,12.972594,77.602186
430,2025-01-18,East,Marathahalli,Scooter,Middle Income,65.47,48.42,48.14,12.953467,77.694831
552,2025-01-18,North,Malleshwaram,Car,Middle Income,52.61,36.56,50.19,13.002429,77.561025
283,2025-01-19,Central,Richmond Town,Bus,High Income,69.96,41.6,55.27,12.956896,77.59576
446,2025-01-19,Central,Richmond Town,Car,High Income,69.4,38.3,57.34,12.968659,77.605368
649,2025-01-19,East,Marathahalli,Scooter,Middle Income,55.91,52.5,40.45,12.959037,77.702632
236,2025-01-19,North,Malleshwaram,Metro,Low Income,59.39,65.45,32.94,13.011476,77.564913
618,2025-01-19,North,Malleshwaram,Metro,Middle Income,68.42,36.88,57.87,13.009255,77.562935
964,2025-01-19,North,Yelahanka,Car,Middle Income,43.83,57.31,30.97,13.093631,77.595006
137,2025-01-19,South,HSR Layout,Metro,High Income,81.66,34.59,66.12,12.90624,77.633411
195,2025-01-19,South,HSR Layout,Scooter,Low Income,51.32,41.54,45.98,12.917126,77.644027
722,2025-01-19,West,Rajajinagar,Bike,Low Income,34.42,46.82,33.77,12.995615,77.55231
894,2025-01-20,East,Whitefield,Scooter,Low Income,50.29,56.87,34.52,12.970337,77.753458
233,2025-01-20,North,Hebbal,Metro,Low Income,72.19,36.53,60.0,13.039305,77.589854
67,2025-01-20,North,Malleshwaram,Car,Middle Income,61.73,45.38,48.45,13.006735,77.561402
666,2025-01-20,West,Vijayanagar,Bike,Middle Income,47.57,39.22,45.77,12.975066,77.546111
343,2025-01-22,Central,MG Road,Bike,Low Income,56.23,50.71,41.9,12.969513,77.605552
312,2025-01-22,South,Jayanagar,Scooter,Middle Income,49.34,43.38,43.68,12.925555,77.588719
398,2025-01-22,South,Koramangala,Bike,Low Income,34.62,55.63,27.57,12.93806,77.62148
331,2025-01-22,West,Rajajinagar,Bus,Middle Income,52.06,44.42,44.31,12.990808,77.544794
377,2025-01-23,Central,Richmond Town,Metro,Middle Income,78.61,26.0,70.73,12.961486,77.598878
625,2025-01-23,Central,Richmond Town,Metro,Low Income,75.89,25.04,70.06,12.964964,77.601398
94,2025-01-23,East,Marathahalli,Car,Middle Income,58.16,27.79,59.23,12.962216,77.69796
274,2025-01-23,North,Hebbal,Bus,Middle Income,71.79,42.34,55.65,13.03735,77.601816
590,2025-01-23,West,Rajajinagar,Bus,High Income,57.61,48.65,44.05,12.99561,77.554252
460,2025-01-24,South,Jayanagar,Metro,Middle Income,68.13,37.86,57.02,12.924632,77.586287
773,2025-01-25,Central,MG Road,Metro,Middle Income,74.24,31.93,64.32,12.981418,77.607907
816,2025-01-25,North,Hebbal,Car,Middle Income,57.19,43.73,47.36,13.043197,77.591195
763,2025-01-25,North,Malleshwaram,Car,Middle Income,54.28,26.85,57.96,13.011336,77.56726
418,2025-01-25,South,HSR Layout,Bus,Low Income,46.36,39.5,44.97,12.913305,77.642066
787,2025-01-26,South,Jayanagar,Metro,Middle Income,71.97,45.19,53.71,12.927674,77.599733
606,2025-01-27,East,Marathahalli,Bike,Middle Income,54.97,52.39,40.07,12.96316,77.700762
84,2025-01-29,South,Jayanagar,Metro,Middle Income,71.96,39.46,57.79,12.930041,77.589081
804,2025-01-29,West,Vijayanagar,Bus,Low Income,51.09,52.7,37.9,12.969285,77.546484
85,2025-01-30,Central,Richmond Town,Bus,High Income,85.32,27.92,72.71,12.968405,77.602897
428,2025-01-30,Central,Shivajinagar,Car,Middle Income,62.73,30.95,59.26,12.993233,77.61206
70,2025-01-30,South,HSR Layout,Metro,Low Income,58.21,47.9,44.89,12.905446,77.631759
646,2025-01-31,Central,Richmond Town,Scooter,High Income,75.76,32.16,64.91,12.959171,77.599208
696,2025-01-31,North,Yelahanka,Bike,Middle Income,52.8,53.95,37.86,13.100513,77.598943
800,2025-01-31,West,Nagarbhavi,Metro,Middle Income,60.61,31.48,57.82,12.959843,77.516467
543,2025-01-31,West,Vijayanagar,Car,Middle Income,39.46,50.92,33.36,12.973212,77.548496
27,2025-02-02,North,Hebbal,Bus,High Income,57.18,38.59,51.03,13.042753,77.600135
659,2025-02-02,South,HSR Layout,Bus,Middle Income,79.39,39.86,61.23,12.910943,77.637042
301,2025-02-03,East,Indiranagar,Bus,High Income,67.57,45.74,51.11,12.970519,77.646307
140,2025-02-03,South,Koramangala,Bus,Middle Income,54.39,37.24,50.6,12.940274,77.623985
914,2025-02-03,West,Nagarbhavi,Car,Low Income,51.67,46.02,42.96,12.956066,77.508464
513,2025-02-04,South,HSR Layout,Bus,High Income,75.36,36.15,61.86,12.916636,77.64014
815,2025-02-06,East,Marathahalli,Scooter,Low Income,57.57,34.35,54.25,12.967175,77.700955
306,2025-02-06,South,Koramangala,Bus,Low Income,52.3,36.23,50.27,12.938907,77.618424
181,2025-02-06,West,Rajajinagar,Bike,Low Income,59.19,36.01,53.87,12.985023,77.546741
537,2025-02-07,North,Yelahanka,Metro,High Income,61.02,28.39,60.23,13.09345,77.594784
297,2025-02-07,West,Nagarbhavi,Car,Low Income,25.0,38.98,34.66,12.95303,77.515647
483,2025-02-08,East,Marathahalli,Bus,Low Income,54.39,44.23,45.6,12.953739,77.70034
339,2025-02-08,South,HSR Layout,Car,Low Income,40.7,42.52,39.98,12.910509,77.644414
493,2025-02-08,South,Jayanagar,Metro,Middle Income,62.28,48.35,46.6,12.934061,77.590206
576,2025-02-08,South,Koramangala,Scooter,High Income,58.74,46.95,45.84,12.936372,77.619558
350,2025-02-09,Central,Shivajinagar,Bus,High Income,60.95,46.33,47.38,12.981369,77.599517
500,2025-02-09,South,Jayanagar,Metro,Middle Income,72.43,46.75,52.82,12.933798,77.59288
329,2025-02-10,Central,MG Road,Scooter,Middle Income,68.2,44.47,52.33,12.96996,77.60441
541,2025-02-10,East,Whitefield,Bike,Middle Income,55.2,42.66,47.13,12.968487,77.752986
558,2025-02-10,North,Yelahanka,Metro,Middle Income,73.16,34.92,61.64,13.094436,77.603445
858,2025-02-10,West,Rajajinagar,Metro,Low Income,66.85,50.29,47.5,12.99665,77.554615
316,2025-02-11,West,Rajajinagar,Car,Middle Income,50.75,39.79,46.95,12.984206,77.554169
351,2025-02-12,Central,Shivajinagar,Metro,Middle Income,68.98,29.41,63.48,12.992862,77.600102
674,2025-02-12,East,Indiranagar,Bike,High Income,65.83,43.24,52.03,12.973409,77.6432
750,2025-02-12,North,Yelahanka,Scooter,High Income,56.15,43.71,46.85,13.095736,77.597098
795,2025-02-12,West,Rajajinagar,Bus,High Income,69.7,28.36,64.59,12.998335,77.551491
896,2025-02-12,West,Rajajinagar,Metro,Middle Income,67.01,41.22,54.06,12.9925,77.549921
998,2025-02-13,Central,Richmond Town,Car,Middle Income,60.15,45.69,47.44,12.953475,77.598109
401,2025-02-13,Central,Shivajinagar,Bike,High Income,68.56,42.14,54.18,12.986101,77.608145
442,2025-02-13,North,Yelahanka,Scooter,Middle Income,58.77,42.06,49.34,13.100473,77.600006
779,2025-02-13,South,HSR Layout,Scooter,Low Income,50.87,39.14,47.48,12.914658,77.643479
990,2025-02-13,South,HSR Layout,Scooter,Middle Income,60.31,52.02,43.0,12.91399,77.64601
245,2025-02-13,West,Vijayanagar,Car,Middle Income,57.02,41.04,49.2,12.976631,77.545642
251,2025-02-14,North,Yelahanka,Bike,Middle Income,46.45,57.34,32.27,13.107486,77.602111
812,2025-02-14,South,HSR Layout,Car,Low Income,48.08,38.97,46.21,12.907386,77.644147
204,2025-02-14,South,Koramangala,Bus,Middle Income,58.77,44.41,47.66,12.940622,77.629819
658,2025-02-15,Central,Shivajinagar,Bike,Middle Income,68.11,42.38,53.78,12.989581,77.609235
415,2025-02-15,Central,Shivajinagar,Bus,High Income,72.73,28.55,65.98,12.983089,77.612509
325,2025-02-15,North,Yelahanka,Scooter,Middle Income,49.46,27.53,55.07,13.100309,77.593805
82,2025-02-15,South,HSR Layout,Car,Low Income,53.23,32.67,53.28,12.904401,77.645489
212,2025-02-15,West,Vijayanagar,Bus,Low Income,45.98,36.26,47.09,12.971749,77.548625
308,2025-02-16,Central,MG Road,Bus,Low Income,64.36,37.23,55.59,12.98282,77.600271
932,2025-02-16,South,Koramangala,Scooter,Middle Income,54.59,46.36,44.18,12.93511,77.624993
253,2025-02-16,West,Rajajinagar,Scooter,Middle Income,39.23,35.7,44.11,12.988205,77.550422
792,2025-02-17,Central,Richmond Town,Metro,Middle Income,86.79,25.64,75.09,12.968912,77.603159
156,2025-02-17,East,Marathahalli,Car,Middle Income,64.9,25.83,64.0,12.958497,77.696729
582,2025-02-18,Central,Shivajinagar,Car,Middle Income,62.99,54.97,42.23,12.98823,77.603705
651,2025-02-18,Central,Shivajinagar,Car,Low Income,58.21,49.44,43.79,12.985447,77.600879
310,2025-02-18,Central,Shivajinagar,Metro,Low Income,47.27,50.0,37.92,12.983934,77.610406
872,2025-02-18,North,Hebbal,Bike,High Income,72.86,32.51,63.21,13.036231,77.597521
1000,2025-02-19,East,Indiranagar,Scooter,Middle Income,68.88,35.62,59.0,12.977466,77.641135
248,2025-02-19,East,Whitefield,Bike,Middle Income,70.44,42.53,54.84,12.975828,77.750784
64,2025-02-19,South,HSR Layout,Bike,High Income,65.14,30.05,61.1,12.917427,77.644023
59,2025-02-19,West,Vijayanagar,Metro,Low Income,52.26,41.48,46.5,12.969202,77.545403
255,2025-02-20,North,Hebbal,Metro,Middle Income,67.13,37.3,56.92,13.043572,77.604655
252,2025-02-20,South,Koramangala,Bus,Low Income,51.51,30.84,53.72,12.936889,77.630681
963,2025-02-21,Central,Shivajinagar,Metro,Middle Income,77.78,32.36,65.77,12.980484,77.597211
864,2025-02-21,East,Indiranagar,Scooter,High Income,72.07,37.86,58.99,12.973728,77.632896
592,2025-02-21,South,HSR Layout,Metro,Middle Income,68.08,39.51,55.82,12.912298,77.640743
661,2025-02-21,West,Vijayanagar,Car,Low Income,41.14,45.8,37.86,12.971792,77.546149
259,2025-02-22,South,HSR Layout,Bus,Middle Income,66.89,29.98,62.03,12.910465,77.640268
827,2025-02-22,South,HSR Layout,Metro,Middle Income,71.06,39.32,57.44,12.908809,77.64314
282,2025-02-23,East,Indiranagar,Bike,Middle Income,65.97,21.04,67.96,12.980001,77.640456
421,2025-02-25,North,Malleshwaram,Bus,High Income,57.33,40.51,49.73,13.004706,77.568306
171,2025-02-25,South,HSR Layout,Scooter,Middle Income,67.68,51.22,47.26,12.917556,77.634899
133,2025-02-25,West,Nagarbhavi,Scooter,Middle Income,63.11,39.66,53.22,12.951942,77.507908
192,2025-02-26,Central,Richmond Town,Bus,Low Income,65.73,33.25,59.11,12.964194,77.601355
4,2025-02-26,North,Hebbal,Bike,Low Income,54.91,39.3,49.38,13.028571,77.596121
677,2025-02-26,North,Hebbal,Bus,Low Income,65.61,44.71,50.87,13.03536,77.599461
713,2025-02-26,South,HSR Layout,Scooter,Low Income,63.61,50.29,45.88,12.916097,77.631407
462,2025-02-27,Central,Shivajinagar,Bike,Middle Income,66.19,26.47,64.19,12.984826,77.608036
805,2025-02-28,North,Malleshwaram,Metro,Middle Income,68.29,41.16,54.74,12.999918,77.57118
196,2025-03-01,East,Marathahalli,Car,High Income,62.59,31.96,58.47,12.963009,77.701253
102,2025-03-01,South,Jayanagar,Bike,Low Income,50.57,37.72,48.34,12.927807,77.589591
707,2025-03-01,South,Jayanagar,Car,Low Income,56.27,39.2,50.14,12.934645,77.598839
923,2025-03-01,South,Jayanagar,Metro,Low Income,48.84,34.47,49.8,12.927,77.600844
370,2025-03-02,West,Nagarbhavi,Metro,Low Income,65.95,43.7,51.76,12.948845,77.516547
391,2025-03-03,Central,MG Road,Metro,Low Income,73.67,40.31,58.05,12.967888,77.612689
862,2025-03-03,Central,Shivajinagar,Car,High Income,82.65,41.02,62.02,12.990334,77.608409
596,2025-03-03,South,HSR Layout,Bike,Low Income,54.54,41.96,47.3,12.913509,77.636424
335,2025-03-03,South,HSR Layout,Metro,Low Income,50.48,44.62,43.36,12.918176,77.640465
319,2025-03-04,Central,Richmond Town,Metro,High Income,87.97,39.71,65.62,12.962428,77.601274
766,2025-03-04,East,Whitefield,Car,High Income,78.6,40.23,60.56,12.967008,77.745007
720,2025-03-04,South,HSR Layout,Metro,Middle Income,71.6,24.75,68.12,12.910525,77.640041
701,2025-03-05,Central,Shivajinagar,Bus,Low Income,66.43,27.33,63.69,12.992031,77.605957
78,2025-03-06,North,Hebbal,Scooter,Middle Income,70.2,35.35,59.85,13.035119,77.602235
389,2025-03-06,West,Rajajinagar,Scooter,Low Income,51.37,39.51,47.46,12.989574,77.553878
555,2025-03-07,Central,Richmond Town,Car,Middle Income,58.09,33.46,55.15,12.964144,77.607399
290,2025-03-07,East,Indiranagar,Bike,Low Income,58.86,39.99,50.87,12.975282,77.642402
46,2025-03-08,East,Whitefield,Bike,Middle Income,74.51,47.04,53.65,12.970283,77.745541
986,2025-03-08,West,Vijayanagar,Scooter,Low Income,42.66,44.52,39.53,12.977211,77.544508
34,2025-03-09,East,Marathahalli,Car,Low Income,61.44,42.08,50.66,12.961587,77.699613
645,2025-03-10,Central,MG Road,Scooter,Low Income,51.5,37.2,49.18,12.98264,77.613082
404,2025-03-10,Central,Richmond Town,Car,Low Income,63.04,29.6,60.37,12.966378,77.601962
384,2025-03-10,North,Malleshwaram,Car,Low Income,41.85,59.7,28.28,13.003122,77.559163
921,2025-03-11,East,Whitefield,Car,Low Income,44.62,42.19,42.17,12.962688,77.754855
614,2025-03-11,North,Yelahanka,Scooter,Middle Income,56.63,61.5,34.38,13.099657,77.601082
516,2025-03-12,Central,Richmond Town,Scooter,Low Income,60.11,47.57,46.08,12.956037,77.601317
528,2025-03-12,Central,Shivajinagar,Scooter,High Income,71.57,35.34,60.55,12.979778,77.599459
357,2025-03-12,West,Vijayanagar,Bike,High Income,65.02,33.35,58.69,12.978609,77.551129
47,2025-03-12,West,Vijayanagar,Car,Middle Income,50.13,36.96,48.67,12.970616,77.544089
749,2025-03-13,Central,Shivajinagar,Bike,Middle Income,74.59,34.43,62.7,12.991088,77.601364
946,2025-03-13,East,Whitefield,Scooter,Middle Income,45.73,34.77,48.03,12.968026,77.743864
411,2025-03-13,South,HSR Layout,Metro,Middle Income,57.54,38.34,51.38,12.907838,77.638921
838,2025-03-14,Central,Richmond Town,Bike,Middle Income,61.3,40.12,52.0,12.962569,77.606066
16,2025-03-14,Central,Richmond Town,Bus,Middle Income,54.3,45.73,44.49,12.961179,77.599191
814,2025-03-15,East,Marathahalli,Car,Middle Income,54.98,43.03,46.76,12.965794,77.704333
150,2025-03-15,East,Marathahalli,Scooter,Middle Income,55.15,30.04,56.12,12.955037,77.697013
969,2025-03-15,South,Jayanagar,Car,Middle Income,46.65,38.84,45.58,12.934266,77.58782
844,2025-03-16,Central,MG Road,Car,Low Income,67.19,28.46,63.26,12.972662,77.606968
917,2025-03-16,East,Marathahalli,Metro,Middle Income,77.54,39.55,60.52,12.961638,77.698501
499,2025-03-16,North,Yelahanka,Bus,Middle Income,64.46,25.62,63.93,13.093967,77.589267
655,2025-03-17,North,Yelahanka,Bike,High Income,67.39,32.38,60.57,13.104427,77.60074
909,2025-03-17,West,Vijayanagar,Metro,Middle Income,54.01,42.85,46.39,12.969175,77.54374
358,2025-03-18,North,Yelahanka,Bike,Low Income,42.34,43.13,40.36,13.096996,77.590057
906,2025-03-18,West,Nagarbhavi,Scooter,Low Income,47.54,51.72,36.83,12.960875,77.504176
551,2025-03-18,West,Vijayanagar,Scooter,Low Income,47.78,35.03,48.87,12.969672,77.54988
902,2025-03-19,North,Malleshwaram,Bus,Middle Income,62.78,34.66,56.64,13.002328,77.568266
304,2025-03-19,North,Malleshwaram,Metro,High Income,70.46,35.11,60.15,13.008517,77.572312
778,2025-03-20,Central,Shivajinagar,Bike,Middle Income,72.78,34.25,61.93,12.983694,77.605376
104,2025-03-20,Central,Shivajinagar,Car,Middle Income,73.3,36.63,60.49,12.992141,77.598374
438,2025-03-20,North,Malleshwaram,Bus,Low Income,41.04,34.41,45.94,13.008938,77.563312
182,2025-03-20,West,Nagarbhavi,Metro,Low Income,73.43,42.74,56.19,12.962389,77.506093
992,2025-03-21,Central,MG Road,Bike,High Income,75.74,35.36,62.62,12.981801,77.600544
346,2025-03-21,Central,MG Road,Car,Middle Income,53.67,42.04,46.8,12.968912,77.60601
130,2025-03-21,East,Marathahalli,Bike,Middle Income,48.18,41.07,44.75,12.957249,77.690805
32,2025-03-21,South,Jayanagar,Metro,Middle Income,63.39,33.0,58.12,12.932782,77.59004
635,2025-03-21,South,Koramangala,Bus,Middle Income,66.94,38.77,55.78,12.927573,77.62483
922,2025-03-22,North,Hebbal,Scooter,Low Income,55.26,33.5,53.7,13.029298,77.603607
448,2025-03-22,North,Malleshwaram,Car,Middle Income,49.21,55.89,34.68,13.001201,77.558359
486,2025-03-22,South,Koramangala,Metro,Middle Income,65.33,36.79,56.39,12.940299,77.621896
89,2025-03-23,North,Malleshwaram,Scooter,Middle Income,53.04,42.86,45.91,12.999024,77.560297
400,2025-03-23,South,Koramangala,Metro,Low Income,43.08,42.92,40.88,12.941997,77.627465
739,2025-03-23,West,Rajajinagar,Bike,High Income,38.68,56.11,29.26,12.999286,77.545163
653,2025-03-24,North,Hebbal,Bike,Low Income,48.22,35.93,48.45,13.035014,77.604884
847,2025-03-24,South,HSR Layout,Metro,Middle Income,65.71,41.37,53.31,12.917446,77.646447
617,2025-03-24,West,Vijayanagar,Car,Middle Income,57.37,48.55,44.01,12.967897,77.541705
965,2025-03-26,Central,Shivajinagar,Metro,Low Income,76.82,22.84,72.1,12.985897,77.610829
287,2025-03-26,East,Whitefield,Car,Middle Income,41.53,41.63,41.03,12.970158,77.751989
229,2025-03-26,North,Hebbal,Metro,High Income,74.77,35.43,62.07,13.043342,77.602049
190,2025-03-27,Central,Shivajinagar,Car,Middle Income,69.53,36.95,58.37,12.980059,77.604945
354,2025-03-27,East,Indiranagar,Metro,High Income,71.09,38.27,58.21,12.97329,77.636431
420,2025-03-27,East,Marathahalli,Car,Middle Income,52.79,48.73,41.59,12.960269,77.704446
387,2025-03-27,North,Hebbal,Bike,Middle Income,55.21,57.45,36.57,13.029767,77.597807
620,2025-03-27,South,Koramangala,Metro,High Income,63.43,48.91,46.78,12.92958,77.621741
180,2025-03-28,East,Indiranagar,Bike,Low Income,55.8,47.01,44.32,12.978816,77.635023
575,2025-03-28,East,Whitefield,Scooter,Low Income,51.45,44.12,44.21,12.969507,77.746528
742,2025-03-28,North,Hebbal,Metro,High Income,77.97,35.59,63.56,13.028124,77.594963
111,2025-03-28,South,HSR Layout,Scooter,Middle Income,54.25,36.73,50.89,12.910215,77.646288
885,2025-03-28,South,Jayanagar,Bike,Middle Income,50.06,42.07,44.98,12.934039,77.596057
982,2025-03-28,South,Koramangala,Bus,Middle Income,67.79,36.31,57.96,12.939447,77.623249
360,2025-03-28,West,Nagarbhavi,Car,Low Income,57.42,34.5,54.06,12.956718,77.508431
206,2025-03-29,Central,Shivajinagar,Scooter,Middle Income,62.96,46.09,48.56,12.991024,77.602572
928,2025-03-29,East,Marathahalli,Bus,Low Income,55.66,46.64,44.52,12.961482,77.691757
298,2025-03-29,East,Whitefield,Scooter,Middle Income,52.74,40.51,47.43,12.964552,77.745569
445,2025-03-30,North,Yelahanka,Metro,Low Income,55.82,45.57,45.36,13.108302,77.594638
833,2025-03-31,Central,Richmond Town,Scooter,High Income,78.67,42.77,58.78,12.966958,77.59597
278,2025-04-01,East,Indiranagar,Scooter,Low Income,53.17,36.87,50.25,12.980875,77.642835
399,2025-04-01,East,Marathahalli,Scooter,High Income,64.07,39.15,54.07,12.959556,77.691129
521,2025-04-02,Central,Shivajinagar,Car,Middle Income,67.69,47.31,50.05,12.979084,77.604468
356,2025-04-02,North,Hebbal,Metro,Middle Income,49.59,46.05,41.9,13.031685,77.596038
216,2025-04-02,West,Nagarbhavi,Car,Middle Income,46.9,57.82,32.15,12.94898,77.503711
101,2025-04-02,West,Vijayanagar,Bike,Middle Income,44.49,39.09,44.32,12.970348,77.543725
599,2025-04-03,South,Jayanagar,Scooter,Low Income,57.4,41.39,49.13,12.935716,77.592645
926,2025-04-04,East,Marathahalli,Metro,Middle Income,58.01,48.53,44.34,12.961173,77.693075
970,2025-04-04,West,Rajajinagar,Bus,High Income,67.22,31.21,61.32,12.997517,77.551483
667,2025-04-05,Central,MG Road,Car,Middle Income,67.71,39.13,55.91,12.96785,77.603867
134,2025-04-05,Central,Shivajinagar,Bike,High Income,74.01,32.35,63.9,12.987425,77.609143
501,2025-04-05,East,Indiranagar,Bike,High Income,68.03,33.29,60.24,12.974917,77.647421
406,2025-04-05,South,Koramangala,Scooter,Middle Income,62.85,37.54,54.61,12.935299,77.627646
437,2025-04-06,East,Marathahalli,Metro,Middle Income,68.11,28.81,63.47,12.957209,77.702396
512,2025-04-06,West,Rajajinagar,Bus,Low Income,38.55,55.06,29.94,12.984869,77.550467
639,2025-04-06,West,Vijayanagar,Metro,Low Income,63.08,40.07,52.92,12.979516,77.539619
588,2025-04-07,North,Malleshwaram,Bike,Middle Income,46.48,55.83,33.36,12.997126,77.563292
149,2025-04-07,North,Malleshwaram,Car,Middle Income,47.66,41.35,44.3,13.001824,77.563172
99,2025-04-07,South,HSR Layout,Bus,Low Income,74.79,35.66,61.92,12.918846,77.643184
361,2025-04-08,East,Marathahalli,Bike,High Income,62.34,39.79,52.75,12.963141,77.695515
198,2025-04-08,North,Malleshwaram,Bike,Middle Income,64.75,38.8,54.66,13.001093,77.560757
947,2025-04-08,North,Malleshwaram,Bike,Middle Income,73.0,39.83,58.05,13.003378,77.571352
300,2025-04-08,South,Jayanagar,Metro,Middle Income,65.5,34.38,58.19,12.929842,77.593801
522,2025-04-08,West,Vijayanagar,Car,Middle Income,51.51,29.2,54.9,12.973283,77.54819
840,2025-04-09,South,HSR Layout,Metro,Middle Income,60.55,39.21,52.27,12.912307,77.646523
996,2025-04-10,Central,MG Road,Metro,Low Income,61.51,38.4,53.33,12.973494,77.602311
382,2025-04-10,East,Whitefield,Bus,Middle Income,58.91,37.45,52.7,12.970864,77.754172
580,2025-04-10,West,Nagarbhavi,Car,Middle Income,66.54,41.97,53.29,12.949599,77.502926
534,2025-04-11,East,Indiranagar,Scooter,High Income,62.82,41.32,51.9,12.973633,77.636755
634,2025-04-11,North,Yelahanka,Metro,High Income,86.13,33.47,69.16,13.098673,77.597424
746,2025-04-11,South,Jayanagar,Car,High Income,61.45,51.74,43.77,12.934891,77.588995
323,2025-04-12,South,Koramangala,Scooter,Middle Income,43.06,43.03,40.8,12.932928,77.627285
640,2025-04-14,South,HSR Layout,Metro,Middle Income,66.9,60.44,40.28,12.908566,77.646123
650,2025-04-14,South,HSR Layout,Scooter,High Income,59.64,36.2,53.97,12.908221,77.634611
665,2025-04-15,Central,Shivajinagar,Scooter,High Income,61.73,40.14,52.2,12.988234,77.603805
920,2025-04-15,North,Hebbal,Bus,Low Income,39.41,58.61,27.84,13.034966,77.603144
167,2025-04-15,West,Nagarbhavi,Scooter,Low Income,42.53,46.47,38.07,12.957186,77.503599
841,2025-04-16,East,Marathahalli,Scooter,Middle Income,54.86,35.6,52.0,12.958531,77.704791
535,2025-04-16,South,Jayanagar,Car,Low Income,39.55,57.58,28.65,12.926025,77.589546
42,2025-04-16,West,Vijayanagar,Car,Low Income,40.96,48.95,35.52,12.965671,77.537395
608,2025-04-17,North,Hebbal,Bus,Middle Income,58.0,42.08,48.95,13.030254,77.592777
305,2025-04-17,South,HSR Layout,Bike,Middle Income,57.27,49.88,43.01,12.915099,77.639269
265,2025-04-17,South,HSR Layout,Metro,Middle Income,69.42,39.59,56.43,12.903839,77.63293
525,2025-04-17,South,Koramangala,Car,Low Income,46.35,42.79,42.61,12.940975,77.618836
165,2025-04-19,North,Malleshwaram,Bike,Middle Income,54.01,46.91,43.5,13.01076,77.565631
524,2025-04-19,South,Koramangala,Metro,High Income,68.85,42.16,54.31,12.936102,77.623599
709,2025-04-20,Central,Shivajinagar,Bike,High Income,72.75,20.72,71.58,12.979136,77.608744
747,2025-04-20,East,Indiranagar,Car,High Income,64.67,46.09,49.41,12.975399,77.639011
476,2025-04-21,East,Indiranagar,Scooter,Middle Income,51.36,43.5,44.61,12.973894,77.634681
622,2025-04-21,East,Marathahalli,Metro,High Income,81.99,36.96,64.6,12.951548,77.696575
736,2025-04-21,North,Malleshwaram,Car,Middle Income,55.79,44.55,46.07,13.010703,77.570557
56,2025-04-21,West,Nagarbhavi,Car,Middle Income,43.83,40.5,42.99,12.959508,77.513867
984,2025-04-22,South,HSR Layout,Metro,High Income,74.31,35.71,61.64,12.914259,77.638988
593,2025-04-22,South,HSR Layout,Scooter,Middle Income,75.25,30.93,65.53,12.912618,77.632291
757,2025-04-23,North,Yelahanka,Scooter,Middle Income,63.87,30.61,60.07,13.102193,77.592334
240,2025-04-23,South,HSR Layout,Car,Middle Income,73.71,38.94,59.04,12.913313,77.636379
979,2025-04-25,North,Malleshwaram,Car,Middle Income,54.61,54.53,38.35,12.998013,77.563302
915,2025-04-25,West,Vijayanagar,Bus,High Income,77.05,27.26,69.05,12.971817,77.54933
394,2025-04-26,Central,Richmond Town,Metro,Low Income,80.39,26.07,71.57,12.964212,77.593477
776,2025-04-26,North,Yelahanka,Car,Middle Income,55.24,45.18,45.35,13.095539,77.596119
918,2025-04-26,South,HSR Layout,Car,High Income,70.73,35.74,59.83,12.913505,77.634493
223,2025-04-27,Central,Shivajinagar,Bike,Middle Income,66.7,36.09,57.57,12.979409,77.600388
405,2025-04-27,East,Marathahalli,Bike,Middle Income,63.64,35.84,56.22,12.959392,77.701898
419,2025-04-27,South,HSR Layout,Scooter,Low Income,53.99,43.7,45.78,12.904042,77.631464
790,2025-04-27,South,Jayanagar,Bike,Middle Income,46.93,38.43,46.01,12.937487,77.59056
927,2025-04-27,West,Nagarbhavi,Bus,High Income,57.57,49.27,43.59,12.953733,77.509741
80,2025-04-27,West,Rajajinagar,Scooter,High Income,40.47,39.35,42.13,12.986205,77.550694
367,2025-04-28,West,Rajajinagar,Bus,Low Income,48.8,42.46,44.07,12.998285,77.558297
887,2025-04-29,Central,Richmond Town,Bus,Middle Income,70.62,48.53,50.65,12.953521,77.607487
602,2025-04-29,East,Marathahalli,Bus,Middle Income,61.71,47.71,46.78,12.958438,77.698854
695,2025-04-29,North,Yelahanka,Scooter,Low Income,52.93,39.94,47.94,13.099031,77.602254
981,2025-04-29,South,Koramangala,Car,Middle Income,65.72,37.2,56.29,12.929929,77.627259
941,2025-04-29,West,Rajajinagar,Bike,Low Income,25.0,40.45,33.61,12.993166,77.5463
762,2025-04-30,East,Whitefield,Bus,Middle Income,59.92,52.29,42.61,12.97559,77.74582
43,2025-04-30,North,Malleshwaram,Car,Middle Income,53.82,46.13,43.96,12.996558,77.559694
262,2025-04-30,North,Malleshwaram,Metro,High Income,65.82,27.74,63.09,13.000129,77.568115
910,2025-05-01,South,Jayanagar,Metro,Low Income,53.52,43.78,45.49,12.925048,77.596365
553,2025-05-01,West,Nagarbhavi,Scooter,Middle Income,45.81,37.7,45.97,12.956503,77.509873
726,2025-05-02,West,Vijayanagar,Bus,Low Income,41.11,52.18,33.28,12.9785,77.546765
764,2025-05-03,Central,Shivajinagar,Bus,Middle Income,81.09,33.09,66.91,12.989988,77.608722
161,2025-05-04,North,Hebbal,Scooter,High Income,69.96,47.41,51.12,13.035963,77.598176
218,2025-05-05,East,Marathahalli,Bike,Middle Income,66.12,26.46,64.16,12.954152,77.69696
670,2025-05-05,North,Hebbal,Car,Low Income,52.93,41.14,47.08,13.042462,77.594424
891,2025-05-05,West,Rajajinagar,Bus,High Income,74.97,33.92,63.26,12.984273,77.55295
193,2025-05-06,Central,Shivajinagar,Bike,Middle Income,64.56,39.92,53.76,12.985191,77.601135
716,2025-05-07,Central,Richmond Town,Car,Low Income,48.42,43.51,43.14,12.963948,77.59928
777,2025-05-07,Central,Richmond Town,Metro,High Income,75.99,26.43,69.12,12.96765,77.595601
488,2025-05-07,Central,Richmond Town,Scooter,Middle Income,57.09,51.3,41.9,12.955435,77.59367
879,2025-05-07,Central,Shivajinagar,Bike,Middle Income,69.72,39.8,56.43,12.992113,77.605692
108,2025-05-07,North,Yelahanka,Car,Low Income,57.08,30.62,56.67,13.107905,77.589207
267,2025-05-07,South,HSR Layout,Car,Low Income,50.26,42.98,44.43,12.906881,77.641962
273,2025-05-09,Central,Shivajinagar,Metro,Middle Income,79.35,22.51,73.6,12.978574,77.610378
660,2025-05-09,East,Whitefield,Scooter,Middle Income,36.33,43.14,37.35,12.968637,77.752544
18,2025-05-09,North,Malleshwaram,Car,Middle Income,58.5,45.45,46.78,12.999968,77.570191
225,2025-05-09,North,Yelahanka,Metro,Middle Income,70.11,29.59,63.92,13.105161,77.594253
138,2025-05-10,North,Hebbal,Metro,Low Income,57.66,39.26,50.79,13.033914,77.598577
738,2025-05-10,North,Hebbal,Scooter,Middle Income,69.87,35.0,59.93,13.039513,77.589581
912,2025-05-10,North,Yelahanka,Car,Middle Income,64.55,37.08,55.79,13.094215,77.602749
619,2025-05-10,South,Koramangala,Bus,Middle Income,60.19,34.43,55.51,12.941822,77.631843
263,2025-05-10,West,Nagarbhavi,Bus,Low Income,38.39,39.67,40.86,12.950599,77.512471
820,2025-05-11,Central,Richmond Town,Scooter,High Income,89.61,38.2,67.52,12.966882,77.602166
256,2025-05-11,Central,Shivajinagar,Bike,Low Income,45.92,34.93,48.01,12.982279,77.602734
369,2025-05-11,East,Whitefield,Scooter,Middle Income,55.1,39.35,49.45,12.964503,77.757978
144,2025-05-12,East,Indiranagar,Scooter,High Income,55.08,32.76,54.14,12.980001,77.646813
865,2025-05-13,Central,MG Road,Metro,High Income,93.12,30.34,74.89,12.977886,77.606788
831,2025-05-13,Central,Shivajinagar,Metro,High Income,68.36,33.24,60.44,12.979928,77.599037
830,2025-05-13,East,Whitefield,Car,Low Income,55.5,37.46,50.99,12.972117,77.756514
26,2025-05-13,North,Hebbal,Car,Middle Income,55.93,44.94,45.86,13.034605,77.600285
835,2025-05-13,North,Yelahanka,Metro,High Income,66.45,38.79,55.52,13.093452,77.603199
807,2025-05-14,Central,Richmond Town,Scooter,Low Income,57.04,44.75,46.56,12.956966,77.607192
890,2025-05-14,East,Marathahalli,Bike,Low Income,58.43,47.89,45.01,12.954096,77.701082
638,2025-05-14,North,Hebbal,Bike,Low Income,57.64,35.48,53.48,13.035781,77.591145
366,2025-05-14,North,Yelahanka,Metro,High Income,81.93,42.89,60.33,13.099609,77.602592
973,2025-05-14,South,HSR Layout,Scooter,Low Income,48.68,49.75,38.8,12.919312,77.639046
601,2025-05-15,North,Malleshwaram,Metro,Middle Income,60.32,34.42,55.58,12.999123,77.564393
468,2025-05-15,South,Jayanagar,Metro,High Income,63.66,60.38,38.7,12.928955,77.59587
327,2025-05-15,West,Nagarbhavi,Bus,Middle Income,60.38,33.74,56.09,12.948685,77.513986
92,2025-05-16,East,Indiranagar,Car,Low Income,47.31,33.32,49.85,12.983365,77.648035
83,2025-05-16,East,Marathahalli,Car,Low Income,57.78,36.83,52.59,12.95875,77.693323
810,2025-05-16,North,Hebbal,Bus,Low Income,50.46,54.35,36.41,13.035173,77.604821
573,2025-05-17,East,Whitefield,Bike,Middle Income,61.12,38.77,52.87,12.96831,77.752879
743,2025-05-18,South,Jayanagar,Car,Low Income,46.13,47.73,38.97,12.92882,77.600162
531,2025-05-19,Central,MG Road,Bus,Low Income,47.27,44.56,41.81,12.979044,77.604293
782,2025-05-19,East,Indiranagar,Bike,Low Income,55.15,35.52,52.2,12.984168,77.633317
496,2025-05-19,South,HSR Layout,Bike,High Income,57.56,45.88,46.01,12.911974,77.639214
440,2025-05-19,South,HSR Layout,Bus,High Income,79.31,26.02,71.07,12.905349,77.635128
147,2025-05-19,West,Nagarbhavi,Scooter,Low Income,25.28,53.89,24.14,12.958584,77.512096
489,2025-05-20,Central,Shivajinagar,Bike,Middle Income,69.66,29.15,64.0,12.988465,77.607662
450,2025-05-20,East,Indiranagar,Car,Low Income,45.91,36.93,46.58,12.986057,77.639012
48,2025-05-20,East,Marathahalli,Bus,High Income,69.45,34.55,60.05,12.954468,77.703516
951,2025-05-21,Central,MG Road,Scooter,Middle Income,70.61,29.96,63.9,12.981397,77.606626
224,2025-05-21,South,HSR Layout,Bus,High Income,71.02,40.52,56.57,12.909889,77.644932
128,2025-05-22,Central,MG Road,Car,Middle Income,59.78,48.13,45.51,12.979979,77.606957
303,2025-05-22,Central,Richmond Town,Scooter,Middle Income,66.08,45.12,50.81,12.961906,77.594409
497,2025-05-22,East,Marathahalli,Metro,Middle Income,58.19,52.47,41.62,12.964658,77.692675
884,2025-05-23,North,Yelahanka,Scooter,Middle Income,46.5,41.4,43.68,13.095141,77.588683
668,2025-05-23,South,HSR Layout,Bike,Low Income,57.09,41.34,49.01,12.916987,77.635759
882,2025-05-23,South,HSR Layout,Metro,Low Income,76.31,30.93,66.06,12.913539,77.64024
703,2025-05-23,West,Rajajinagar,Bike,Middle Income,37.96,43.32,38.03,12.997463,77.553832
151,2025-05-24,East,Marathahalli,Bike,Middle Income,64.09,33.78,57.92,12.957383,77.691256
523,2025-05-24,East,Whitefield,Bus,Low Income,54.37,51.51,40.39,12.969612,77.750822
888,2025-05-24,South,HSR Layout,Metro,Low Income,66.19,31.34,60.71,12.912361,77.64166
960,2025-05-24,South,Koramangala,Bus,Middle Income,59.81,42.89,49.27,12.934046,77.624689
772,2025-05-26,East,Indiranagar,Scooter,Middle Income,64.44,42.69,51.73,12.97306,77.645328
774,2025-05-26,South,HSR Layout,Metro,Middle Income,83.83,18.83,78.47,12.911801,77.633948
557,2025-05-26,South,Jayanagar,Metro,High Income,75.87,25.57,69.67,12.936263,77.597989
474,2025-05-26,West,Nagarbhavi,Bike,High Income,60.97,44.63,48.61,12.957039,77.514345
961,2025-05-27,Central,MG Road,Bus,Low Income,65.89,37.98,55.82,12.969546,77.602588
324,2025-05-27,West,Rajajinagar,Bus,Low Income,47.91,46.93,40.44,12.99503,77.556278
478,2025-05-28,South,Koramangala,Metro,Middle Income,77.43,29.38,67.73,12.927247,77.621278
403,2025-05-28,South,Koramangala,Scooter,High Income,63.8,34.49,57.27,12.932501,77.623066
169,2025-05-28,West,Vijayanagar,Metro,Middle Income,53.53,34.09,52.42,12.976686,77.54959
71,2025-05-29,North,Hebbal,Metro,Low Income,55.04,53.94,38.99,13.040144,77.599384
623,2025-05-29,South,Koramangala,Bike,Middle Income,60.99,48.22,46.05,12.927328,77.632119
443,2025-05-29,South,Koramangala,Scooter,Middle Income,48.04,52.14,36.78,12.939327,77.623553
959,2025-05-30,Central,MG Road,Car,Middle Income,52.81,37.78,49.42,12.979102,77.600655
867,2025-05-30,North,Hebbal,Bus,Middle Income,47.23,48.1,39.26,13.032826,77.59332
188,2025-05-31,Central,Richmond Town,Scooter,Middle Income,61.79,39.05,53.01,12.964794,77.592631
453,2025-05-31,East,Marathahalli,Bus,Low Income,49.15,52.57,37.02,12.963316,77.691823
908,2025-05-31,East,Marathahalli,Metro,High Income,76.43,22.16,72.39,12.959203,77.690675
572,2025-05-31,South,HSR Layout,Bus,Middle Income,65.3,32.11,59.72,12.915687,77.646698
375,2025-05-31,South,Koramangala,Bike,Middle Income,51.04,53.36,37.4,12.938896,77.621129
971,2025-05-31,West,Nagarbhavi,Car,Middle Income,45.89,38.63,45.35,12.959014,77.517524
889,2025-06-01,East,Indiranagar,Car,High Income,59.15,48.38,45.02,12.985584,77.638358
226,2025-06-01,North,Malleshwaram,Bus,Middle Income,51.4,33.01,52.12,13.001843,77.558577
839,2025-06-01,West,Rajajinagar,Bike,Low Income,39.18,53.77,31.19,12.988724,77.551814
900,2025-06-03,North,Hebbal,Metro,High Income,90.95,31.73,72.81,13.029605,77.591083
475,2025-06-03,West,Nagarbhavi,Bike,Middle Income,44.97,48.99,37.49,12.957709,77.513871
759,2025-06-03,West,Nagarbhavi,Bus,Middle Income,71.78,37.95,58.78,12.953825,77.510962
155,2025-06-03,West,Rajajinagar,Bike,High Income,71.06,54.08,46.9,12.996848,77.548112
682,2025-06-04,West,Nagarbhavi,Car,Low Income,47.3,36.36,47.68,12.95578,77.513404
296,2025-06-05,East,Indiranagar,Bike,Middle Income,89.6,37.45,68.05,12.973583,77.644458
215,2025-06-05,South,Koramangala,Scooter,Low Income,53.86,34.66,52.17,12.930754,77.631743
231,2025-06-05,West,Rajajinagar,Car,Low Income,59.1,42.21,49.4,12.991566,77.554383
36,2025-06-06,East,Indiranagar,Car,Middle Income,66.55,43.66,52.09,12.982424,77.641246
595,2025-06-06,North,Malleshwaram,Bike,High Income,65.39,34.51,58.04,13.008029,77.564259
423,2025-06-06,South,HSR Layout,Car,Low Income,38.73,41.48,39.74,12.916823,77.645886
850,2025-06-06,South,HSR Layout,Car,Middle Income,68.04,29.33,63.07,12.908537,77.646425
954,2025-06-07,East,Whitefield,Scooter,High Income,68.27,34.18,59.72,12.972654,77.743384
873,2025-06-08,East,Marathahalli,Bike,Middle Income,48.94,51.74,37.51,12.966783,77.691423
413,2025-06-08,East,Marathahalli,Bus,High Income,78.74,34.16,64.97,12.961406,77.691626
925,2025-06-08,East,Marathahalli,Bus,Middle Income,71.08,29.46,64.5,12.964025,77.697271
9,2025-06-08,East,Marathahalli,Car,Middle Income,56.11,60.28,35.0,12.954515,77.696614
330,2025-06-08,North,Hebbal,Scooter,Low Income,50.02,38.49,47.52,13.028515,77.590769
533,2025-06-08,North,Yelahanka,Scooter,Low Income,39.41,41.73,39.9,13.106268,77.597876
853,2025-06-08,South,Koramangala,Metro,High Income,69.25,39.71,56.26,12.940945,77.632077
266,2025-06-08,West,Rajajinagar,Car,Low Income,57.85,35.85,53.32,12.999686,77.555307
616,2025-06-09,Central,Shivajinagar,Car,Middle Income,67.79,43.35,52.93,12.988692,77.606217
938,2025-06-09,East,Whitefield,Bike,Middle Income,68.27,42.3,53.93,12.962077,77.742471
286,2025-06-09,North,Hebbal,Bus,High Income,64.68,48.6,47.63,13.041333,77.590188
424,2025-06-10,Central,MG Road,Bike,Middle Income,70.06,41.79,55.18,12.982246,77.605537
741,2025-06-10,Central,MG Road,Car,Low Income,53.51,49.34,41.51,12.977439,77.603859
834,2025-06-10,East,Indiranagar,Metro,Low Income,57.79,26.24,60.15,12.977916,77.635484
61,2025-06-10,East,Marathahalli,Car,Middle Income,70.68,23.06,68.87,12.953576,77.697651
784,2025-06-11,Central,MG Road,Scooter,Middle Income,69.21,33.37,60.77,12.976045,77.611884
457,2025-06-11,Central,Richmond Town,Metro,Middle Income,90.73,39.77,66.96,12.967096,77.605264
62,2025-06-11,South,Jayanagar,Metro,High Income,62.18,35.33,55.86,12.931454,77.592311
66,2025-06-11,West,Nagarbhavi,Metro,High Income,77.38,40.68,59.63,12.962598,77.514108
753,2025-06-12,West,Nagarbhavi,Car,Middle Income,55.3,35.69,52.16,12.951658,77.516282
25,2025-06-12,West,Nagarbhavi,Metro,High Income,78.25,42.87,58.5,12.958049,77.509403
508,2025-06-12,West,Rajajinagar,Metro,Middle Income,54.59,38.85,49.55,12.990807,77.553535
261,2025-06-13,Central,Richmond Town,Metro,Middle Income,81.17,37.09,64.1,12.954083,77.603561
116,2025-06-13,East,Whitefield,Bike,Low Income,37.89,44.19,37.38,12.970881,77.753767
993,2025-06-13,West,Nagarbhavi,Scooter,Low Income,46.87,46.2,40.43,12.962529,77.507635
179,2025-06-13,West,Rajajinagar,Scooter,Middle Income,39.42,55.9,29.78,12.985492,77.548143
390,2025-06-14,North,Yelahanka,Metro,Middle Income,63.9,39.34,53.85,13.099075,77.599641
697,2025-06-15,Central,MG Road,Bus,Low Income,63.53,34.46,57.15,12.980396,77.605927
461,2025-06-15,Central,Shivajinagar,Car,Middle Income,67.0,37.83,56.48,12.98809,77.61103
821,2025-06-15,East,Indiranagar,Bike,Low Income,63.6,30.47,60.04,12.978846,77.638312
836,2025-06-15,East,Marathahalli,Scooter,Low Income,43.03,38.96,43.69,12.963976,77.703127
112,2025-06-15,South,HSR Layout,Metro,Middle Income,66.67,33.06,59.72,12.91771,77.641082
336,2025-06-16,Central,Richmond Town,Scooter,High Income,71.27,36.36,59.66,12.957769,77.602511
397,2025-06-16,North,Malleshwaram,Bike,Low Income,49.77,44.25,43.28,13.002078,77.564866
157,2025-06-16,North,Malleshwaram,Scooter,Middle Income,56.5,36.3,52.32,13.001907,77.569316
51,2025-06-16,North,Yelahanka,Scooter,Low Income,46.64,45.05,41.14,13.095702,77.598156
797,2025-06-17,Central,MG Road,Car,Low Income,68.83,42.02,54.4,12.977945,77.605079
127,2025-06-17,Central,Richmond Town,Metro,High Income,80.79,20.94,75.44,12.958007,77.598578
548,2025-06-17,Central,Shivajinagar,Bus,Low Income,74.46,40.07,58.61,12.990264,77.609506
482,2025-06-17,South,HSR Layout,Scooter,Middle Income,51.04,42.42,45.22,12.905696,77.633716
105,2025-06-17,West,Nagarbhavi,Bike,Low Income,49.13,36.27,48.66,12.955969,77.502811
849,2025-06-17,West,Vijayanagar,Metro,Middle Income,56.53,37.49,51.49,12.971545,77.540351
159,2025-06-18,Central,MG Road,Metro,Middle Income,83.56,30.24,70.18,12.981932,77.610107
556,2025-06-18,East,Whitefield,Scooter,Middle Income,46.81,53.83,34.96,12.975379,77.746813
995,2025-06-18,South,HSR Layout,Bus,Middle Income,64.08,33.98,57.77,12.91605,77.63899
985,2025-06-19,Central,MG Road,Metro,Middle Income,82.58,31.17,69.03,12.980766,77.602183
657,2025-06-19,East,Marathahalli,Scooter,Low Income,49.65,49.64,39.36,12.957809,77.698009
758,2025-06-19,West,Rajajinagar,Scooter,Low Income,41.17,43.62,39.43,12.994102,77.556267
942,2025-06-20,North,Yelahanka,Metro,Middle Income,53.9,40.02,48.36,13.097768,77.588653
536,2025-06-20,West,Vijayanagar,Car,Middle Income,45.81,39.37,44.79,12.967414,77.546074
230,2025-06-21,Central,MG Road,Car,Middle Income,80.52,44.03,58.81,12.969201,77.609046
794,2025-06-21,South,Jayanagar,Bus,High Income,70.91,36.46,59.41,12.928511,77.598097
124,2025-06-21,South,Jayanagar,Scooter,Middle Income,64.16,39.34,53.98,12.930982,77.587277
870,2025-06-21,West,Rajajinagar,Bus,Low Income,66.06,35.51,57.67,12.993528,77.549451
333,2025-06-22,Central,Richmond Town,Bus,Low Income,68.89,36.56,58.32,12.968368,77.600461
207,2025-06-22,East,Indiranagar,Car,Middle Income,71.4,30.91,63.62,12.975564,77.641755
731,2025-06-22,North,Yelahanka,Bike,High Income,58.08,29.06,58.29,13.107999,77.592621
689,2025-06-23,Central,Shivajinagar,Scooter,Middle Income,62.61,34.03,57.0,12.990151,77.60874
395,2025-06-23,East,Marathahalli,Bus,Middle Income,69.47,40.69,55.67,12.95524,77.693501
542,2025-06-23,North,Hebbal,Car,Middle Income,63.29,31.36,59.24,13.032296,77.598242
426,2025-06-23,North,Malleshwaram,Bus,High Income,68.32,37.26,57.54,12.997713,77.560744
213,2025-06-23,North,Malleshwaram,Car,Middle Income,55.53,46.72,44.39,13.00126,77.572171
7,2025-06-24,North,Malleshwaram,Bike,Middle Income,72.75,33.94,62.13,13.00957,77.567427
721,2025-06-24,South,Jayanagar,Bike,Low Income,58.16,53.16,41.11,12.925633,77.589741
381,2025-06-25,Central,MG Road,Scooter,Low Income,62.56,41.67,51.51,12.983739,77.610216
848,2025-06-25,East,Marathahalli,Scooter,Low Income,62.78,40.94,52.14,12.953462,77.69034
718,2025-06-25,East,Whitefield,Bus,Low Income,64.94,37.62,55.6,12.966292,77.745841
217,2025-06-25,South,Jayanagar,Bike,Middle Income,54.94,56.47,37.13,12.93375,77.595463
87,2025-06-25,South,Koramangala,Metro,Middle Income,59.86,41.95,49.96,12.935263,77.621467
386,2025-06-26,Central,MG Road,Car,Low Income,58.35,48.15,44.78,12.975551,77.607681
699,2025-06-26,Central,Richmond Town,Bike,High Income,67.17,25.13,65.63,12.958865,77.605989
819,2025-06-26,East,Indiranagar,Car,Low Income,54.9,51.71,40.51,12.97094,77.648539
109,2025-06-26,South,Jayanagar,Car,High Income,66.78,45.23,51.08,12.933259,77.596832
232,2025-06-27,West,Nagarbhavi,Metro,High Income,60.61,47.85,46.13,12.959959,77.502719
546,2025-06-27,West,Rajajinagar,Metro,Middle Income,66.07,41.71,53.24,12.992399,77.545448
107,2025-06-28,South,Jayanagar,Bike,Middle Income,58.91,43.25,48.56,12.928376,77.596898
471,2025-06-29,East,Indiranagar,Scooter,Low Income,57.82,42.26,48.73,12.978437,77.636068
498,2025-06-29,North,Hebbal,Bus,Middle Income,59.2,30.32,57.94,13.038648,77.595424
257,2025-06-29,West,Nagarbhavi,Bike,Low Income,54.2,32.91,53.6,12.960845,77.508031
881,2025-06-29,West,Rajajinagar,Bus,Low Income,51.72,33.04,52.26,12.997882,77.551141
55,2025-06-30,East,Indiranagar,Scooter,Middle Income,69.87,32.67,61.6,12.971543,77.648302
75,2025-07-01,Central,MG Road,Car,Low Income,60.26,40.81,50.98,12.977186,77.604456
90,2025-07-01,North,Hebbal,Bike,Middle Income,64.95,34.75,57.65,13.041029,77.598701
427,2025-07-01,North,Malleshwaram,Bus,Middle Income,61.79,35.62,55.45,12.995691,77.560824
469,2025-07-01,South,HSR Layout,Bike,Low Income,35.23,58.14,26.09,12.906539,77.641364
545,2025-07-01,South,Koramangala,Bus,Middle Income,71.88,37.02,59.49,12.939041,77.631001
100,2025-07-02,Central,Richmond Town,Bus,Middle Income,82.17,32.79,67.66,12.96344,77.591961
60,2025-07-02,North,Hebbal,Bike,Low Income,41.59,29.15,49.97,13.040124,77.599177
242,2025-07-02,South,Koramangala,Bus,Middle Income,64.75,35.51,57.01,12.934363,77.628772
6,2025-07-02,South,Koramangala,Metro,Middle Income,73.31,27.29,67.17,12.930975,77.63197
272,2025-07-03,North,Malleshwaram,Bus,Middle Income,70.75,42.38,55.11,13.011031,77.567534
765,2025-07-03,South,Jayanagar,Car,Middle Income,53.8,41.88,46.98,12.934894,77.593481
822,2025-07-03,South,Koramangala,Scooter,Middle Income,56.57,44.0,46.86,12.928054,77.619068
755,2025-07-04,North,Hebbal,Bike,High Income,52.16,44.85,44.05,13.041166,77.603528
409,2025-07-04,North,Yelahanka,Bike,Low Income,53.52,47.45,42.87,13.107501,77.591349
143,2025-07-04,South,HSR Layout,Metro,Middle Income,82.01,34.59,66.3,12.910182,77.633438
314,2025-07-05,North,Malleshwaram,Metro,Middle Income,65.6,34.38,58.24,13.010262,77.570607
673,2025-07-05,South,Koramangala,Metro,Low Income,56.41,36.93,51.83,12.936808,77.616557
737,2025-07-05,South,Koramangala,Metro,High Income,95.08,40.86,68.35,12.927566,77.628708
933,2025-07-06,Central,MG Road,Car,Middle Income,64.38,38.16,54.93,12.972759,77.60057
802,2025-07-06,Central,Richmond Town,Bike,Low Income,56.08,48.49,43.4,12.967011,77.599572
563,2025-07-06,East,Indiranagar,Bus,Middle Income,62.86,46.38,48.3,12.972047,77.637518
148,2025-07-06,North,Hebbal,Metro,Middle Income,71.88,36.56,59.82,13.032786,77.596853
956,2025-07-08,East,Whitefield,Scooter,Middle Income,52.09,52.65,38.44,12.97107,77.749172
949,2025-07-08,North,Hebbal,Bus,Low Income,48.19,36.13,48.29,13.029262,77.59383
988,2025-07-08,North,Yelahanka,Metro,Middle Income,67.78,45.66,51.27,13.093009,77.590964
529,2025-07-09,East,Indiranagar,Metro,Low Income,61.94,33.81,56.82,12.972271,77.646663
919,2025-07-09,East,Whitefield,Metro,High Income,74.01,34.58,62.31,12.967525,77.747016
859,2025-07-09,West,Rajajinagar,Bus,Middle Income,53.03,51.36,39.83,12.984965,77.559685
162,2025-07-10,East,Marathahalli,Scooter,High Income,60.05,41.79,50.18,12.95737,77.702356
509,2025-07-10,North,Yelahanka,Bike,Middle Income,58.96,29.8,58.2,13.093059,77.593751
642,2025-07-10,West,Rajajinagar,Bus,High Income,71.1,25.34,67.45,12.998583,77.55135
452,2025-07-11,East,Marathahalli,Car,Middle Income,54.45,40.42,48.36,12.963272,77.696156
828,2025-07-11,East,Marathahalli,Scooter,Low Income,61.59,40.51,51.86,12.966079,77.6978
347,2025-07-11,North,Hebbal,Bike,High Income,49.37,39.81,46.25,13.04017,77.597376
729,2025-07-11,North,Hebbal,Bike,Low Income,45.27,48.63,37.9,13.037978,77.589531
843,2025-07-11,North,Yelahanka,Car,Middle Income,43.8,30.62,50.03,13.100883,77.600379
103,2025-07-11,West,Nagarbhavi,Bike,High Income,54.37,45.32,44.81,12.958414,77.517037
371,2025-07-12,North,Malleshwaram,Scooter,High Income,69.27,34.09,60.29,13.002665,77.559651
584,2025-07-13,North,Hebbal,Car,Low Income,60.64,44.91,48.24,13.033451,77.598578
505,2025-07-13,North,Malleshwaram,Bus,Low Income,50.68,34.79,50.49,12.996226,77.569525
975,2025-07-14,North,Hebbal,Car,Low Income,37.46,43.45,37.7,13.041478,77.589304
186,2025-07-15,East,Indiranagar,Car,Middle Income,58.1,36.22,53.18,12.97796,77.648404
693,2025-07-15,East,Whitefield,Bus,Low Income,48.65,38.54,46.79,12.970763,77.757253
106,2025-07-15,North,Hebbal,Bike,High Income,58.95,52.9,41.69,13.040698,77.60119
222,2025-07-15,North,Malleshwaram,Scooter,Low Income,36.69,56.66,27.87,13.003205,77.566372
740,2025-07-16,East,Whitefield,Car,High Income,69.68,20.49,70.2,12.96957,77.756165
861,2025-07-16,North,Hebbal,Bike,Middle Income,59.49,42.19,49.61,13.043306,77.59791
49,2025-07-16,North,Malleshwaram,Bike,Middle Income,63.48,47.14,48.07,12.999328,77.559145
77,2025-07-16,North,Malleshwaram,Bus,Low Income,37.49,37.32,42.09,13.004045,77.565476
187,2025-07-16,North,Malleshwaram,Scooter,Low Income,48.35,50.33,38.22,13.000298,77.558046
570,2025-07-16,West,Vijayanagar,Car,Middle Income,57.3,48.83,43.77,12.976289,77.546737
893,2025-07-18,North,Hebbal,Scooter,Low Income,37.49,45.86,35.99,13.034605,77.596517
855,2025-07-18,North,Yelahanka,Scooter,Middle Income,63.12,42.89,50.93,13.103651,77.590046
690,2025-07-19,Central,MG Road,Car,Middle Income,57.83,24.67,61.3,12.972034,77.605424
607,2025-07-19,Central,MG Road,Scooter,Low Income,55.64,47.11,44.17,12.97383,77.602294
299,2025-07-19,East,Indiranagar,Bike,Middle Income,59.42,36.4,53.71,12.977002,77.638057
96,2025-07-19,East,Marathahalli,Scooter,Low Income,50.51,58.8,33.26,12.963984,77.698693
38,2025-07-19,East,Whitefield,Bike,Low Income,47.71,51.96,36.74,12.975562,77.744329
627,2025-07-19,West,Vijayanagar,Scooter,Middle Income,59.25,44.01,48.19,12.979623,77.543163
678,2025-07-21,Central,MG Road,Bike,Middle Income,79.53,44.38,58.07,12.978306,77.604484
388,2025-07-21,East,Indiranagar,Car,Middle Income,63.92,39.72,53.59,12.982233,77.636633
417,2025-07-21,South,HSR Layout,Car,Low Income,55.73,43.99,46.45,12.911368,77.631155
708,2025-07-21,West,Rajajinagar,Scooter,Middle Income,52.47,53.62,37.94,12.985136,77.556039
372,2025-07-22,South,Koramangala,Bus,High Income,73.74,44.99,54.73,12.940365,77.627773
868,2025-07-23,North,Hebbal,Car,Low Income,43.18,47.26,37.83,13.04297,77.603137
340,2025-07-23,West,Vijayanagar,Metro,Low Income,54.51,30.35,55.58,12.968629,77.548051
86,2025-07-24,East,Marathahalli,Scooter,Middle Income,62.7,47.31,47.56,12.953902,77.698156
139,2025-07-24,North,Hebbal,Car,Middle Income,62.92,36.35,55.49,13.030356,77.604185
422,2025-07-25,Central,Richmond Town,Car,Middle Income,69.67,40.51,55.9,12.958377,77.607385
414,2025-07-25,South,Jayanagar,Bus,Middle Income,60.39,35.78,54.64,12.924194,77.588332
526,2025-07-26,North,Malleshwaram,Scooter,Middle Income,57.36,38.69,51.05,13.003176,77.55778
318,2025-07-26,West,Vijayanagar,Bus,Middle Income,60.02,41.07,50.67,12.96946,77.540341
566,2025-07-27,West,Vijayanagar,Bus,Middle Income,56.44,39.04,50.34,12.97617,77.5402
730,2025-07-28,Central,Shivajinagar,Bike,Middle Income,58.69,35.06,54.3,12.990307,77.604138
514,2025-07-28,North,Yelahanka,Scooter,Low Income,36.28,38.99,40.29,13.102982,77.592327
578,2025-07-28,South,Jayanagar,Scooter,High Income,65.2,37.0,56.17,12.925165,77.589645
114,2025-07-29,East,Marathahalli,Metro,High Income,75.24,54.32,48.82,12.963074,77.69929
624,2025-07-29,North,Hebbal,Bus,Middle Income,63.68,45.56,49.3,13.034107,77.600658
676,2025-07-29,South,HSR Layout,Metro,Low Income,53.14,50.4,40.57,12.914413,77.634432
431,2025-07-29,West,Nagarbhavi,Bus,Middle Income,62.04,53.71,42.65,12.95547,77.508263
793,2025-07-30,Central,MG Road,Metro,Middle Income,67.11,37.62,56.69,12.974292,77.602003
801,2025-07-30,Central,Shivajinagar,Car,High Income,75.99,28.18,67.87,12.982879,77.610323
63,2025-07-30,East,Whitefield,Bike,Low Income,43.14,38.09,44.36,12.971732,77.742309
260,2025-07-30,East,Whitefield,Bike,High Income,69.29,34.12,60.27,12.962747,77.743111
28,2025-07-30,South,HSR Layout,Scooter,Middle Income,64.68,50.53,46.25,12.904703,77.646049
237,2025-07-31,West,Nagarbhavi,Metro,Middle Income,63.83,46.15,48.95,12.949973,77.504493
81,2025-08-02,Central,MG Road,Bus,Low Income,71.27,34.57,60.95,12.980959,77.608037
132,2025-08-02,East,Marathahalli,Car,Middle Income,66.16,36.1,57.3,12.956975,77.704206
788,2025-08-02,East,Whitefield,Car,Middle Income,64.95,32.54,59.23,12.976596,77.75145
35,2025-08-02,West,Nagarbhavi,Bike,Middle Income,50.92,45.34,43.07,12.964213,77.503801
247,2025-08-02,West,Rajajinagar,Bike,Middle Income,56.35,30.58,56.33,12.997785,77.554216
945,2025-08-03,Central,MG Road,Scooter,High Income,72.55,31.81,63.56,12.972927,77.612052
940,2025-08-03,East,Whitefield,Bike,Low Income,43.68,52.02,34.69,12.96373,77.747244
184,2025-08-03,East,Whitefield,Metro,Low Income,64.65,33.91,58.1,12.975131,77.748405
809,2025-08-03,West,Rajajinagar,Car,High Income,45.13,45.18,40.29,12.990241,77.55385
281,2025-08-03,West,Vijayanagar,Bike,Low Income,47.99,48.65,39.24,12.970981,77.544866
571,2025-08-04,East,Whitefield,Scooter,Middle Income,67.68,48.73,49.04,12.969114,77.747259
751,2025-08-04,North,Hebbal,Metro,Low Income,70.65,35.53,59.95,13.035844,77.589958
425,2025-08-04,North,Malleshwaram,Scooter,Low Income,57.17,37.15,52.05,13.000883,77.565052
466,2025-08-04,South,Jayanagar,Car,Middle Income,61.45,32.62,57.42,12.936405,77.585664
823,2025-08-04,West,Vijayanagar,Metro,Middle Income,78.28,40.22,60.41,12.965365,77.544032
160,2025-08-05,Central,MG Road,Bike,Middle Income,62.69,31.72,58.69,12.977076,77.610662
10,2025-08-05,Central,Richmond Town,Bus,Middle Income,70.68,39.49,57.13,12.953468,77.595686
163,2025-08-05,East,Marathahalli,Bus,High Income,65.19,24.24,65.28,12.952274,77.70374
594,2025-08-05,East,Whitefield,Scooter,Low Income,60.35,41.86,50.28,12.972615,77.75064
706,2025-08-07,Central,Richmond Town,Scooter,Middle Income,71.4,42.88,55.07,12.959628,77.598646
609,2025-08-07,North,Yelahanka,Bus,Middle Income,73.55,42.72,56.26,13.102072,77.597216
648,2025-08-08,Central,MG Road,Bus,High Income,61.32,38.66,53.04,12.978641,77.606575
463,2025-08-08,East,Indiranagar,Metro,Low Income,65.4,39.16,54.73,12.970482,77.63332
146,2025-08-08,East,Indiranagar,Scooter,Middle Income,54.84,43.49,46.35,12.984474,77.642639
334,2025-08-09,Central,Shivajinagar,Car,High Income,88.85,30.19,72.86,12.98729,77.608551
355,2025-08-09,North,Hebbal,Bike,Middle Income,41.73,58.83,28.84,13.040656,77.594577
456,2025-08-09,North,Hebbal,Scooter,Low Income,43.19,54.07,32.97,13.029135,77.594517
459,2025-08-09,South,HSR Layout,Car,Low Income,49.53,36.07,49.0,12.91623,77.639037
271,2025-08-09,West,Rajajinagar,Metro,Middle Income,46.99,43.78,42.23,12.987269,77.557662
441,2025-08-10,East,Indiranagar,Bike,Middle Income,79.6,42.79,59.23,12.981047,77.641742
447,2025-08-10,East,Indiranagar,Scooter,Low Income,59.86,28.61,59.5,12.985202,77.637182
20,2025-08-10,West,Nagarbhavi,Bus,Middle Income,63.19,35.26,56.41,12.962142,77.503396
276,2025-08-10,West,Vijayanagar,Metro,Low Income,55.68,34.72,53.04,12.974635,77.541378
968,2025-08-11,Central,Richmond Town,Car,Middle Income,57.82,31.29,56.56,12.962324,77.606421
972,2025-08-11,North,Malleshwaram,Scooter,Low Income,59.09,32.64,56.23,13.000957,77.558826
24,2025-08-11,North,Yelahanka,Bus,Middle Income,60.11,45.03,47.89,13.097881,77.598573
244,2025-08-11,West,Rajajinagar,Scooter,Middle Income,64.59,45.43,49.85,12.983944,77.546871
392,2025-08-12,Central,Richmond Town,Bike,Middle Income,75.59,40.34,58.98,12.957085,77.605585
621,2025-08-12,Central,Richmond Town,Bus,Middle Income,76.2,32.04,65.21,12.96896,77.597129
185,2025-08-13,Central,Shivajinagar,Scooter,Low Income,59.04,55.97,39.54,12.983189,77.611198
591,2025-08-13,East,Whitefield,Scooter,Middle Income,69.96,39.24,56.95,12.972362,77.745244
439,2025-08-13,South,HSR Layout,Bus,Low Income,67.26,42.14,53.53,12.912067,77.633423
948,2025-08-14,Central,Richmond Town,Metro,Middle Income,68.83,49.45,49.09,12.953911,77.604388
732,2025-08-14,East,Whitefield,Bike,Middle Income,68.41,46.56,50.94,12.971756,77.742506
254,2025-08-15,Central,Richmond Town,Bike,Middle Income,67.27,54.56,44.66,12.960425,77.600822
562,2025-08-15,North,Hebbal,Car,Middle Income,47.12,47.34,39.74,13.031006,77.60329
957,2025-08-15,South,HSR Layout,Scooter,Low Income,39.71,47.92,35.63,12.915151,77.640552
345,2025-08-16,Central,MG Road,Bike,Middle Income,62.03,56.4,40.73,12.970412,77.611873
652,2025-08-16,South,HSR Layout,Scooter,High Income,69.3,31.84,61.91,12.906576,77.637253
994,2025-08-17,Central,Shivajinagar,Car,Middle Income,70.39,32.11,62.25,12.993059,77.597167
577,2025-08-17,North,Malleshwaram,Bus,Middle Income,66.32,39.82,54.71,13.010618,77.566543
585,2025-08-18,North,Yelahanka,Metro,Middle Income,74.85,34.89,62.51,13.102467,77.593285
40,2025-08-19,Central,Richmond Town,Metro,Middle Income,81.4,31.06,68.51,12.967061,77.602763
824,2025-08-19,East,Indiranagar,Scooter,Low Income,64.03,27.73,62.2,12.972095,77.637993
45,2025-08-20,East,Indiranagar,Bike,Middle Income,58.85,43.37,48.45,12.983166,77.646694
976,2025-08-20,South,Koramangala,Bus,Middle Income,65.91,36.9,56.6,12.934497,77.620363
568,2025-08-21,East,Whitefield,Scooter,Middle Income,64.83,54.02,43.83,12.963595,77.754692
288,2025-08-21,West,Rajajinagar,Bike,Middle Income,46.35,37.56,46.34,12.999101,77.546245
178,2025-08-22,Central,Shivajinagar,Car,Middle Income,72.09,42.85,55.43,12.981651,77.602172
172,2025-08-22,East,Marathahalli,Metro,Low Income,59.93,38.04,52.8,12.953047,77.691467
760,2025-08-22,West,Nagarbhavi,Bike,Middle Income,56.91,42.93,47.79,12.961555,77.517448
517,2025-08-22,West,Vijayanagar,Metro,Low Income,44.28,52.18,34.87,12.964576,77.537265
246,2025-08-23,Central,MG Road,Bike,Low Income,62.52,32.05,58.37,12.969379,77.607263
8,2025-08-23,Central,Richmond Town,Metro,Middle Income,54.2,53.47,38.91,12.957218,77.599828
264,2025-08-24,Central,Richmond Town,Car,Middle Income,77.45,34.55,64.05,12.963845,77.593316
939,2025-08-24,Central,Richmond Town,Car,Middle Income,62.36,34.14,56.8,12.961634,77.594074
490,2025-08-24,East,Marathahalli,Metro,Low Income,64.41,35.25,57.02,12.956422,77.693843
170,2025-08-24,South,HSR Layout,Car,Low Income,57.86,25.9,60.43,12.910885,77.643588
829,2025-08-25,North,Malleshwaram,Bike,Low Income,47.76,43.23,43.0,13.001517,77.560346
68,2025-08-25,North,Yelahanka,Car,Middle Income,55.7,49.39,42.58,13.095106,77.598526
270,2025-08-25,South,HSR Layout,Car,Middle Income,71.08,35.33,60.31,12.903667,77.646883
967,2025-08-25,South,Koramangala,Scooter,Middle Income,51.71,46.93,42.33,12.932792,77.629574
174,2025-08-25,West,Rajajinagar,Bike,Middle Income,65.29,53.2,44.64,12.996231,77.554943
408,2025-08-26,North,Hebbal,Car,Middle Income,69.75,23.88,67.82,13.041381,77.594171
916,2025-08-26,North,Malleshwaram,Bike,Middle Income,65.43,41.52,53.05,13.003864,77.558322
113,2025-08-26,North,Yelahanka,Scooter,Middle Income,56.21,46.23,45.09,13.107608,77.591544
50,2025-08-26,South,Koramangala,Metro,Middle Income,78.78,28.75,68.85,12.936175,77.62531
934,2025-08-26,West,Rajajinagar,Scooter,Low Income,45.76,46.46,39.69,12.991227,77.559761
587,2025-08-27,North,Malleshwaram,Bike,Middle Income,63.71,31.53,59.33,13.001325,77.560372
293,2025-08-27,South,Koramangala,Scooter,High Income,65.35,43.48,51.62,12.941114,77.62072
770,2025-08-28,East,Whitefield,Bike,Middle Income,57.63,45.89,46.04,12.966944,77.751279
376,2025-08-28,East,Whitefield,Scooter,Low Income,48.9,44.18,42.89,12.966632,77.749849
383,2025-08-28,North,Malleshwaram,Scooter,High Income,57.57,43.9,47.43,13.006063,77.557748
208,2025-08-28,North,Yelahanka,Scooter,High Income,52.21,42.12,46.02,13.101024,77.603526
669,2025-08-30,East,Indiranagar,Metro,Middle Income,61.81,37.13,54.39,12.976824,77.639834
723,2025-08-30,East,Marathahalli,Bike,Low Income,66.79,31.49,60.9,12.963984,77.699282
978,2025-08-30,North,Malleshwaram,Scooter,Low Income,56.76,46.79,44.96,13.006451,77.557034
135,2025-08-30,West,Nagarbhavi,Scooter,Middle Income,55.1,39.3,49.48,12.951634,77.512931
393,2025-08-31,East,Marathahalli,Bike,Middle Income,67.91,43.67,52.76,12.967187,77.690274
950,2025-08-31,South,HSR Layout,Car,Middle Income,56.75,53.53,40.14,12.915058,77.634636
322,2025-09-01,Central,MG Road,Car,Low Income,53.66,47.44,42.94,12.98339,77.608276
735,2025-09-01,North,Yelahanka,Scooter,Middle Income,67.7,40.27,55.08,13.103214,77.590019
518,2025-09-01,South,Koramangala,Bike,Middle Income,54.72,46.23,44.33,12.929505,77.621135
664,2025-09-01,West,Nagarbhavi,Scooter,Low Income,32.12,44.88,34.0,12.954787,77.505514
768,2025-09-02,North,Malleshwaram,Car,Low Income,42.03,53.16,33.04,13.010846,77.568214
530,2025-09-03,East,Marathahalli,Bus,High Income,57.32,43.1,47.88,12.956911,77.690676
685,2025-09-03,North,Hebbal,Metro,Low Income,64.88,45.35,50.05,13.041438,77.599275
136,2025-09-03,South,HSR Layout,Car,Middle Income,40.93,36.94,44.08,12.914188,77.639
857,2025-09-03,West,Nagarbhavi,Bike,Middle Income,56.79,41.99,48.4,12.951307,77.512507
930,2025-09-04,Central,Richmond Town,Car,Low Income,54.01,59.97,34.17,12.956261,77.603092
825,2025-09-05,North,Malleshwaram,Scooter,Low Income,55.21,41.19,48.18,12.999674,77.559864
527,2025-09-05,North,Yelahanka,Metro,Middle Income,71.57,32.18,62.8,13.094318,77.596433
125,2025-09-05,West,Nagarbhavi,Bus,Middle Income,49.51,44.56,42.93,12.959344,77.514184
141,2025-09-05,West,Nagarbhavi,Metro,Middle Income,56.38,51.6,41.33,12.960504,77.508232
362,2025-09-07,East,Whitefield,Scooter,Low Income,47.72,47.58,39.88,12.973679,77.751569
455,2025-09-07,West,Nagarbhavi,Bike,Low Income,52.9,27.69,56.67,12.95802,77.512357
574,2025-09-08,East,Indiranagar,Bike,Low Income,50.95,44.04,44.02,12.981309,77.637007
811,2025-09-08,East,Marathahalli,Metro,Middle Income,70.88,32.39,62.3,12.956891,77.702487
842,2025-09-08,East,Marathahalli,Scooter,High Income,52.92,43.33,45.51,12.956047,77.696144
344,2025-09-08,South,Jayanagar,Bike,Low Income,58.13,36.55,52.96,12.930382,77.598823
680,2025-09-08,South,Jayanagar,Metro,Low Income,60.77,45.74,47.71,12.934199,77.595964
507,2025-09-08,West,Nagarbhavi,Bike,High Income,65.69,38.6,55.27,12.962309,77.513323
243,2025-09-09,Central,MG Road,Scooter,Low Income,66.18,31.26,60.76,12.981396,77.614188
12,2025-09-09,Central,Shivajinagar,Car,Middle Income,64.95,38.03,55.31,12.978307,77.607429
33,2025-09-09,Central,Shivajinagar,Car,Middle Income,60.15,36.58,53.95,12.990862,77.599994
974,2025-09-09,South,Jayanagar,Metro,Low Income,43.66,54.79,32.7,12.935373,77.599642
944,2025-09-09,West,Vijayanagar,Bike,Low Income,35.49,53.93,29.22,12.970143,77.548681
564,2025-09-10,East,Whitefield,Metro,Middle Income,75.08,25.2,69.54,12.96911,77.742569
511,2025-09-10,North,Yelahanka,Car,Low Income,47.99,40.26,45.24,13.107058,77.597868
110,2025-09-11,Central,MG Road,Bike,Middle Income,56.56,38.8,50.57,12.97746,77.609105
211,2025-09-11,East,Marathahalli,Scooter,Middle Income,56.44,27.65,58.47,12.963233,77.699286
454,2025-09-11,East,Whitefield,Metro,Middle Income,70.34,36.48,59.11,12.968949,77.748107
485,2025-09-11,South,HSR Layout,Metro,Low Income,58.87,50.21,43.57,12.909128,77.635768
813,2025-09-11,West,Nagarbhavi,Bike,High Income,54.92,39.55,49.21,12.951819,77.51139
603,2025-09-12,North,Yelahanka,Scooter,Middle Income,61.56,44.91,48.7,13.093904,77.602205
432,2025-09-12,West,Rajajinagar,Car,Low Income,28.33,40.64,35.14,12.997913,77.55114
11,2025-09-13,Central,Shivajinagar,Car,High Income,65.04,34.27,58.04,12.988236,77.608876
647,2025-09-13,North,Yelahanka,Bus,Middle Income,49.43,42.58,44.3,13.095277,77.602878
605,2025-09-13,North,Yelahanka,Metro,Low Income,57.3,46.45,45.47,13.102261,77.591561
359,2025-09-13,West,Rajajinagar,Metro,Middle Income,66.73,36.63,57.2,12.994224,77.549992
586,2025-09-13,West,Rajajinagar,Scooter,High Income,69.26,37.13,58.11,12.984367,77.557116
806,2025-09-13,West,Vijayanagar,Scooter,Low Income,51.68,57.08,35.07,12.974792,77.54753
480,2025-09-14,Central,Shivajinagar,Car,Middle Income,71.56,28.49,65.43,12.984215,77.597893
69,2025-09-14,North,Malleshwaram,Metro,High Income,61.2,42.61,50.17,13.000741,77.566498
756,2025-09-15,South,HSR Layout,Metro,Middle Income,71.11,43.58,54.42,12.913195,77.640093
644,2025-09-16,Central,MG Road,Bike,Middle Income,72.48,39.94,57.71,12.972641,77.604118
629,2025-09-16,North,Malleshwaram,Car,Low Income,42.64,46.01,38.46,13.001578,77.57166
952,2025-09-17,Central,MG Road,Metro,Low Income,74.28,33.85,62.96,12.982525,77.601261
239,2025-09-17,South,Jayanagar,Car,High Income,55.99,48.78,43.15,12.937557,77.594242
852,2025-09-18,East,Marathahalli,Bike,Middle Income,55.01,33.03,53.91,12.958207,77.702298
479,2025-09-18,East,Whitefield,Metro,Middle Income,77.84,35.67,63.44,12.976592,77.74428
352,2025-09-19,Central,MG Road,Scooter,Low Income,62.32,45.98,48.32,12.973518,77.614431
238,2025-09-19,East,Marathahalli,Car,Middle Income,72.3,35.95,60.47,12.958217,77.70326
955,2025-09-20,Central,Shivajinagar,Bus,Middle Income,72.1,32.38,62.92,12.991676,77.602166
280,2025-09-22,North,Hebbal,Car,Middle Income,50.85,41.3,45.93,13.034321,77.600697
937,2025-09-22,South,Jayanagar,Bus,High Income,68.2,41.92,54.16,12.937561,77.597617
433,2025-09-23,Central,MG Road,Car,Low Income,63.77,38.37,54.48,12.977103,77.599004
808,2025-09-23,East,Marathahalli,Car,Low Income,43.29,39.9,43.15,12.966464,77.696976
913,2025-09-23,East,Whitefield,Metro,Middle Income,67.34,42.25,53.49,12.967397,77.757534
491,2025-09-23,North,Yelahanka,Car,Middle Income,45.4,42.85,42.09,13.093396,77.59383
856,2025-09-23,South,HSR Layout,Car,Low Income,52.51,49.13,41.16,12.910798,77.632204
368,2025-09-23,South,Koramangala,Bus,Middle Income,67.25,50.33,47.67,12.931136,77.627901
875,2025-09-23,South,Koramangala,Bus,Low Income,60.46,40.13,51.57,12.930979,77.621731
734,2025-09-23,West,Nagarbhavi,Scooter,Middle Income,64.53,42.57,51.86,12.957017,77.514066
789,2025-09-23,West,Rajajinagar,Bus,High Income,59.88,28.52,59.57,12.986998,77.550787
953,2025-09-24,East,Whitefield,Bus,High Income,61.23,31.86,57.86,12.976054,77.751719
410,2025-09-24,South,Koramangala,Bus,Low Income,52.23,42.66,45.64,12.942147,77.627138
37,2025-09-24,West,Rajajinagar,Scooter,Middle Income,51.73,41.53,46.2,12.990483,77.559488
481,2025-09-25,Central,Richmond Town,Metro,Middle Income,71.36,34.96,60.71,12.96763,77.604959
22,2025-09-25,East,Marathahalli,Bus,High Income,73.73,36.39,60.87,12.966003,77.699201
796,2025-09-25,West,Rajajinagar,Metro,Middle Income,72.42,36.79,59.93,12.987285,77.550242
579,2025-09-26,Central,Shivajinagar,Bike,Middle Income,80.38,28.04,70.16,12.98576,77.608211
194,2025-09-26,East,Indiranagar,Scooter,Low Income,57.89,41.52,49.29,12.975664,77.637079
291,2025-09-26,North,Hebbal,Bus,Low Income,53.2,34.77,51.76,13.036073,77.597101
348,2025-09-26,North,Hebbal,Metro,Low Income,57.06,44.87,46.48,13.034884,77.597564
688,2025-09-26,South,Jayanagar,Bike,Middle Income,73.74,29.14,66.05,12.922158,77.59515
52,2025-09-26,West,Rajajinagar,Car,Middle Income,67.66,23.19,67.27,12.984003,77.551789
931,2025-09-26,West,Vijayanagar,Bus,Middle Income,56.96,33.16,54.79,12.97218,77.546126
449,2025-09-27,East,Whitefield,Scooter,High Income,60.42,45.85,47.46,12.972777,77.750551
175,2025-09-29,North,Yelahanka,Car,Middle Income,68.33,41.65,54.41,13.103364,77.594635
899,2025-09-30,East,Whitefield,Car,Low Income,49.33,50.8,38.37,12.973534,77.743451
785,2025-10-01,Central,Richmond Town,Bus,High Income,96.39,27.32,78.68,12.955039,77.601382
93,2025-10-01,East,Marathahalli,Bike,Middle Income,59.84,36.94,53.53,12.951435,77.696048
302,2025-10-01,West,Vijayanagar,Metro,Middle Income,51.02,39.25,47.47,12.974454,77.547083
550,2025-10-02,East,Indiranagar,Car,High Income,60.68,46.53,47.1,12.982912,77.637041
380,2025-10-02,South,Koramangala,Bus,Middle Income,55.35,37.44,50.93,12.940612,77.62563
832,2025-10-02,West,Nagarbhavi,Bike,Middle Income,46.5,50.59,37.11,12.957129,77.511505
597,2025-10-02,West,Vijayanagar,Bus,Low Income,52.66,57.55,35.22,12.974142,77.546096
279,2025-10-04,Central,Richmond Town,Car,Middle Income,63.43,47.73,47.63,12.960804,77.599029
487,2025-10-04,North,Malleshwaram,Car,Middle Income,47.83,38.84,46.17,12.996166,77.560985
904,2025-10-04,West,Rajajinagar,Car,High Income,57.25,44.56,46.8,12.985504,77.552028
275,2025-10-04,West,Vijayanagar,Metro,High Income,65.57,43.83,51.48,12.973773,77.551176
98,2025-10-05,East,Indiranagar,Metro,High Income,81.67,38.43,63.39,12.977238,77.634835
378,2025-10-05,North,Hebbal,Bike,High Income,56.2,27.47,58.48,13.036111,77.597851
878,2025-10-05,North,Malleshwaram,Metro,Middle Income,50.64,38.72,47.66,12.999665,77.571192
643,2025-10-05,North,Yelahanka,Bus,Middle Income,54.79,47.46,43.5,13.107926,77.589677
203,2025-10-05,West,Vijayanagar,Bike,Middle Income,61.21,43.51,49.53,12.968273,77.547589
936,2025-10-06,Central,Richmond Town,Metro,Middle Income,72.91,46.23,53.43,12.966852,77.596613
54,2025-10-07,Central,Shivajinagar,Bus,Middle Income,74.76,44.85,55.35,12.987034,77.602441
31,2025-10-07,East,Indiranagar,Bike,Low Income,52.74,61.22,32.64,12.981236,77.63752
611,2025-10-07,North,Hebbal,Metro,Low Income,65.63,31.85,60.07,13.033741,77.589548
88,2025-10-08,East,Whitefield,Bus,Middle Income,67.02,41.65,53.76,12.974417,77.756923
19,2025-10-08,West,Rajajinagar,Metro,Middle Income,64.8,39.98,53.85,12.988337,77.546688
818,2025-10-09,North,Hebbal,Bus,Middle Income,51.79,35.1,50.82,13.043052,77.595796
328,2025-10-09,South,Jayanagar,Metro,Low Income,60.95,44.12,48.96,12.935671,77.59185
473,2025-10-09,West,Vijayanagar,Bike,High Income,59.0,37.88,52.45,12.977678,77.540613
675,2025-10-10,Central,Shivajinagar,Scooter,Middle Income,57.91,60.74,35.57,12.992055,77.597027
295,2025-10-10,South,Jayanagar,Metro,Middle Income,68.08,43.34,53.08,12.933619,77.585328
679,2025-10-10,West,Rajajinagar,Metro,Low Income,54.61,38.08,50.1,12.987518,77.544529
464,2025-10-11,Central,Shivajinagar,Bike,Middle Income,67.89,48.28,49.46,12.986167,77.601542
250,2025-10-11,North,Hebbal,Scooter,Middle Income,44.97,48.49,37.85,13.038457,77.598791
2,2025-10-12,Central,MG Road,Car,High Income,72.49,36.16,60.42,12.97097,77.613187
205,2025-10-12,East,Indiranagar,Bus,Low Income,58.27,30.41,57.41,12.98275,77.639939
567,2025-10-13,Central,MG Road,Car,Middle Income,69.96,36.69,58.77,12.970084,77.613722
363,2025-10-13,Central,Richmond Town,Metro,Middle Income,74.56,31.12,65.05,12.965958,77.606528
877,2025-10-13,East,Indiranagar,Bus,High Income,78.96,32.58,66.21,12.971886,77.640671
997,2025-10-13,West,Rajajinagar,Car,Middle Income,56.72,39.93,49.84,12.989142,77.557474
342,2025-10-14,South,HSR Layout,Bike,Middle Income,85.32,38.56,65.12,12.909607,77.639311
73,2025-10-15,Central,Richmond Town,Scooter,High Income,78.39,36.73,62.96,12.960931,77.60453
118,2025-10-15,South,Koramangala,Scooter,Middle Income,59.93,44.89,47.9,12.930738,77.632476
177,2025-10-16,Central,MG Road,Bus,Middle Income,77.53,35.3,63.55,12.978947,77.609189
761,2025-10-16,Central,MG Road,Metro,Middle Income,73.68,31.76,64.16,12.972607,77.607256
13,2025-10-16,North,Malleshwaram,Bus,Low Income,53.92,42.78,46.4,13.001454,77.56709
656,2025-10-17,Central,Richmond Town,Metro,Middle Income,69.58,33.47,60.88,12.964742,77.59253
477,2025-10-17,North,Malleshwaram,Bus,Middle Income,62.2,38.33,53.72,12.997766,77.563986
338,2025-10-17,South,Koramangala,Scooter,Middle Income,58.94,43.18,48.63,12.9309,77.620462
613,2025-10-17,West,Nagarbhavi,Bus,Low Income,50.56,41.07,45.94,12.957641,77.509305
712,2025-10-17,West,Rajajinagar,Bus,Middle Income,70.39,33.82,61.03,12.986779,77.55397
209,2025-10-18,Central,MG Road,Scooter,Middle Income,69.18,41.52,54.93,12.982911,77.607885
57,2025-10-18,Central,Richmond Town,Car,Middle Income,61.36,45.92,47.88,12.959997,77.604694
115,2025-10-18,West,Rajajinagar,Bus,Low Income,37.99,42.18,38.87,12.985146,77.550727
532,2025-10-20,South,Koramangala,Bike,Low Income,56.87,52.81,40.71,12.929912,77.617686
41,2025-10-20,South,Koramangala,Bus,Middle Income,59.32,34.31,55.15,12.928878,77.629236
506,2025-10-20,West,Nagarbhavi,Metro,Middle Income,69.01,37.31,57.85,12.957968,77.50639
630,2025-10-21,North,Yelahanka,Metro,Middle Income,69.18,49.41,49.29,13.105379,77.602211
711,2025-10-21,South,Jayanagar,Bus,High Income,85.53,49.33,57.53,12.923139,77.591782
467,2025-10-22,Central,MG Road,Bike,Low Income,67.42,38.01,56.56,12.968062,77.607281
733,2025-10-22,Central,MG Road,Bus,Low Income,68.55,26.25,65.52,12.973698,77.599267
717,2025-10-22,Central,MG Road,Metro,Low Income,65.15,33.91,58.35,12.980936,77.599616
943,2025-10-22,East,Marathahalli,Metro,Low Income,60.2,33.59,56.11,12.966064,77.693941
14,2025-10-22,North,Malleshwaram,Bike,Middle Income,64.52,50.35,46.29,13.0049,77.558049
671,2025-10-22,South,HSR Layout,Car,Middle Income,52.79,36.34,50.44,12.91128,77.646722
633,2025-10-23,South,Koramangala,Bike,Middle Income,67.93,28.5,63.61,12.934734,77.618136
781,2025-10-24,South,HSR Layout,Car,Low Income,44.84,53.76,34.02,12.907137,77.636463
694,2025-10-24,South,Koramangala,Metro,Middle Income,51.93,44.86,43.92,12.937807,77.630125
189,2025-10-25,East,Marathahalli,Bus,Middle Income,73.07,44.23,54.95,12.956509,77.700378
987,2025-10-25,West,Rajajinagar,Bus,Middle Income,58.77,30.51,57.6,12.990065,77.555188
702,2025-10-26,North,Hebbal,Metro,Low Income,63.47,38.02,54.58,13.031356,77.604028
202,2025-10-26,West,Vijayanagar,Car,Middle Income,72.99,32.8,63.06,12.976768,77.541537
72,2025-10-27,Central,Shivajinagar,Metro,Middle Income,70.51,49.61,49.82,12.988554,77.610895
775,2025-10-27,West,Rajajinagar,Bike,Low Income,44.44,47.39,38.37,12.985589,77.559784
845,2025-10-28,East,Indiranagar,Metro,High Income,73.75,38.39,59.45,12.97604,77.633344
3,2025-10-28,North,Malleshwaram,Bus,Middle Income,72.6,38.31,58.94,13.00034,77.562857
191,2025-10-28,West,Vijayanagar,Scooter,Middle Income,68.26,28.4,63.85,12.978229,77.541209
999,2025-10-29,Central,Richmond Town,Car,Low Income,52.37,39.47,47.99,12.966392,77.597619
898,2025-10-29,North,Malleshwaram,Metro,Low Income,58.18,35.89,53.45,13.006726,77.563235
176,2025-10-30,Central,Shivajinagar,Bike,Low Income,63.2,50.62,45.44,12.985775,77.604506
719,2025-10-31,Central,Shivajinagar,Scooter,Middle Income,71.28,43.04,54.9,12.987408,77.611419
97,2025-10-31,South,Jayanagar,Bike,Low Income,54.08,46.05,44.14,12.925716,77.586377
610,2025-10-31,West,Rajajinagar,Bus,Low Income,34.37,46.31,34.1,12.993036,77.553551
554,2025-10-31,West,Rajajinagar,Metro,Low Income,56.79,38.27,51.06,12.995542,77.547575
560,2025-11-02,East,Marathahalli,Scooter,Middle Income,61.92,39.9,52.46,12.964741,77.695819
142,2025-11-02,West,Vijayanagar,Car,High Income,53.64,57.89,35.47,12.970034,77.551392
581,2025-11-02,West,Vijayanagar,Car,High Income,57.02,47.46,44.61,12.973529,77.546501
364,2025-11-03,Central,MG Road,Car,High Income,66.36,46.29,50.11,12.97752,77.607907
636,2025-11-03,Central,Shivajinagar,Scooter,High Income,63.22,35.71,56.1,12.984927,77.60332
980,2025-11-03,East,Indiranagar,Bus,High Income,83.43,42.83,61.12,12.974983,77.644456
771,2025-11-04,South,Koramangala,Scooter,Low Income,49.95,45.59,42.41,12.929509,77.621535
866,2025-11-04,West,Rajajinagar,Car,Middle Income,45.25,38.52,45.11,12.996823,77.558237
745,2025-11-06,East,Marathahalli,Scooter,Middle Income,69.07,31.87,61.77,12.960752,77.690025
258,2025-11-07,East,Indiranagar,Car,High Income,59.39,40.78,50.57,12.970414,77.640771
131,2025-11-07,South,Koramangala,Scooter,High Income,66.51,45.91,50.46,12.929473,77.629635
903,2025-11-08,East,Indiranagar,Scooter,Low Income,50.84,51.27,38.8,12.975338,77.641007
465,2025-11-08,East,Whitefield,Bike,Middle Income,58.67,38.53,51.81,12.971048,77.744567
326,2025-11-08,North,Yelahanka,Scooter,High Income,53.13,46.13,43.62,13.103687,77.599011
145,2025-11-08,West,Nagarbhavi,Bike,High Income,52.64,45.6,43.75,12.951607,77.517268
30,2025-11-09,North,Malleshwaram,Bike,Middle Income,56.45,31.53,55.7,13.00797,77.56909
458,2025-11-10,Central,MG Road,Metro,Low Income,63.91,38.81,54.23,12.976268,77.612609
220,2025-11-10,North,Hebbal,Bike,Low Income,50.26,43.0,44.42,13.042586,77.60149
798,2025-11-11,East,Marathahalli,Scooter,Low Income,49.11,33.05,50.95,12.959056,77.704942
966,2025-11-11,South,HSR Layout,Bus,Low Income,54.66,36.71,51.11,12.91592,77.642242
495,2025-11-11,South,Koramangala,Bus,High Income,47.93,51.13,37.44,12.932317,77.627684
337,2025-11-11,West,Rajajinagar,Metro,High Income,68.61,42.33,54.07,12.998261,77.554411
791,2025-11-12,Central,Shivajinagar,Car,Low Income,61.14,41.52,50.91,12.981303,77.611321
436,2025-11-12,North,Hebbal,Bus,High Income,70.5,34.62,60.52,13.041778,77.592592
341,2025-11-13,Central,MG Road,Bike,Middle Income,65.51,36.94,56.37,12.97891,77.599304
74,2025-11-13,Central,Richmond Town,Scooter,High Income,70.36,35.99,59.48,12.953149,77.602272
200,2025-11-13,Central,Shivajinagar,Metro,Low Income,66.52,44.86,51.22,12.992756,77.608897
470,2025-11-13,North,Yelahanka,Scooter,Middle Income,53.95,38.88,49.2,13.099159,77.604296
559,2025-11-14,West,Nagarbhavi,Metro,Middle Income,62.81,36.08,55.63,12.951076,77.516911
241,2025-11-15,Central,Shivajinagar,Bus,Middle Income,62.21,34.25,56.64,12.982702,77.609847
683,2025-11-16,East,Marathahalli,Metro,High Income,67.44,41.41,54.14,12.951433,77.704998
907,2025-11-16,South,Jayanagar,Car,High Income,46.53,44.91,41.19,12.932568,77.590253
17,2025-11-17,North,Hebbal,Bike,High Income,69.32,29.97,63.25,13.029514,77.59166
117,2025-11-17,South,HSR Layout,Car,Low Income,54.38,48.89,42.27,12.917137,77.637998
851,2025-11-17,South,HSR Layout,Car,Low Income,43.3,45.68,39.02,12.917847,77.633468
977,2025-11-17,South,Koramangala,Car,Middle Income,51.73,46.42,42.7,12.928442,77.619182
385,2025-11-18,Central,Richmond Town,Bus,High Income,78.81,44.66,57.5,12.959136,77.595332
725,2025-11-18,Central,Richmond Town,Bus,Middle Income,76.76,31.29,66.03,12.967299,77.605761
249,2025-11-18,Central,Shivajinagar,Bus,Middle Income,76.4,41.52,58.54,12.982027,77.599961
472,2025-11-18,South,Jayanagar,Bike,High Income,54.7,44.18,45.8,12.922477,77.592216
710,2025-11-19,East,Whitefield,Bus,Middle Income,67.72,38.39,56.44,12.972421,77.746838
783,2025-11-19,North,Malleshwaram,Car,Middle Income,60.17,41.36,50.54,12.996833,77.564209
164,2025-11-19,North,Yelahanka,Metro,Middle Income,66.85,37.51,56.63,13.093504,77.603086
119,2025-11-21,Central,Shivajinagar,Bus,Low Income,57.17,41.43,48.99,12.979682,77.60835
315,2025-11-21,East,Marathahalli,Car,High Income,70.14,40.84,55.9,12.955221,77.697651
540,2025-11-22,East,Indiranagar,Metro,High Income,72.57,38.71,58.64,12.985872,77.643851
412,2025-11-22,North,Yelahanka,Bike,Low Income,57.65,27.97,58.85,13.105639,77.597001
126,2025-11-22,South,Koramangala,Scooter,Low Income,41.34,35.35,45.42,12.934934,77.622722
289,2025-11-22,West,Rajajinagar,Bus,High Income,65.66,51.06,46.36,12.995766,77.547376
235,2025-11-22,West,Vijayanagar,Bus,Middle Income,57.18,25.41,60.44,12.964708,77.549151
874,2025-11-24,Central,MG Road,Scooter,High Income,44.84,31.3,50.07,12.976354,77.613254
901,2025-11-24,North,Yelahanka,Scooter,Middle Income,50.63,41.74,45.5,13.094685,77.604212
91,2025-11-24,West,Nagarbhavi,Bike,Middle Income,67.52,48.25,49.29,12.949257,77.516687
154,2025-11-25,Central,MG Road,Bus,Middle Income,53.62,39.71,48.44,12.981737,77.603956
691,2025-11-25,South,Koramangala,Scooter,Low Income,57.58,47.72,44.71,12.92788,77.621115
754,2025-11-25,West,Rajajinagar,Metro,Middle Income,69.45,34.63,59.99,12.998073,77.548103
317,2025-11-26,Central,Shivajinagar,Bike,Middle Income,68.69,42.78,53.79,12.988013,77.59829
663,2025-11-26,East,Indiranagar,Metro,Low Income,59.57,34.2,55.36,12.974845,77.634497
876,2025-11-26,East,Marathahalli,Bus,Low Income,60.59,40.99,51.02,12.964641,77.690666
95,2025-11-26,North,Yelahanka,Car,Middle Income,68.62,41.87,54.4,13.096424,77.600554
817,2025-11-26,South,HSR Layout,Metro,High Income,66.48,45.09,51.03,12.918107,77.632804
897,2025-11-26,South,HSR Layout,Scooter,Middle Income,72.81,34.54,61.74,12.908658,77.636639
883,2025-11-27,North,Yelahanka,Bus,High Income,76.91,38.69,60.82,13.095721,77.601147
320,2025-11-27,South,Koramangala,Scooter,Low Income,56.15,40.9,48.86,12.938091,77.632269
44,2025-11-28,Central,Richmond Town,Scooter,Middle Income,73.14,32.19,63.58,12.95356,77.594703
1,2025-11-28,Central,Shivajinagar,Car,Middle Income,61.55,29.79,59.5,12.993126,77.598422
724,2025-11-28,South,Koramangala,Car,Low Income,68.18,39.98,55.53,12.939114,77.61746
122,2025-11-28,West,Nagarbhavi,Metro,Low Income,70.69,39.09,57.42,12.949291,77.517305
799,2025-11-30,North,Hebbal,Bus,Low Income,61.44,37.09,54.23,13.033032,77.595147
199,2025-11-30,North,Hebbal,Scooter,Low Income,48.05,41.52,44.37,13.040868,77.59118
402,2025-11-30,South,Jayanagar,Car,High Income,55.55,42.36,47.52,12.933185,77.591896
538,2025-11-30,South,Jayanagar,Scooter,Middle Income,44.29,35.47,46.8,12.936681,77.591791
924,2025-11-30,South,Koramangala,Car,Low Income,64.82,33.97,58.15,12.92911,77.630941
494,2025-11-30,West,Rajajinagar,Scooter,High Income,60.36,44.72,48.24,12.987354,77.547067
704,2025-12-01,South,Koramangala,Scooter,Middle Income,45.88,46.61,39.65,12.93877,77.626979
396,2025-12-02,West,Rajajinagar,Car,Low Income,43.98,58.85,29.95,12.988346,77.550461
686,2025-12-02,West,Rajajinagar,Car,Middle Income,60.08,37.37,53.35,12.985536,77.553365
728,2025-12-03,North,Malleshwaram,Metro,High Income,52.12,44.27,44.43,13.007843,77.560953
444,2025-12-03,South,HSR Layout,Car,Middle Income,38.99,54.6,30.49,12.906383,77.643996
880,2025-12-03,South,Koramangala,Bus,Low Income,54.36,45.81,44.46,12.940182,77.625669
662,2025-12-04,Central,Shivajinagar,Bus,Middle Income,78.54,37.54,62.45,12.977722,77.612942
748,2025-12-05,Central,MG Road,Bike,Middle Income,45.6,33.41,48.94,12.978596,77.60851
935,2025-12-05,Central,MG Road,Bike,Middle Income,52.98,42.73,45.97,12.969516,77.607101
416,2025-12-05,East,Marathahalli,Bike,Low Income,62.02,50.99,44.59,12.961688,77.699804
628,2025-12-05,East,Whitefield,Bike,Middle Income,69.78,47.27,51.12,12.962176,77.749111
429,2025-12-05,North,Malleshwaram,Bike,Middle Income,60.82,29.59,59.28,13.005317,77.563177
269,2025-12-05,South,Jayanagar,Bike,High Income,67.45,40.2,55.01,12.922811,77.594073
219,2025-12-06,North,Hebbal,Car,Middle Income,49.24,54.27,35.85,13.029434,77.59643
365,2025-12-07,Central,Shivajinagar,Bike,High Income,69.71,37.16,58.31,12.987299,77.612369
407,2025-12-07,East,Indiranagar,Car,Middle Income,63.78,46.38,48.76,12.978506,77.635564
510,2025-12-07,South,HSR Layout,Scooter,Middle Income,65.41,45.91,49.91,12.911503,77.64442
598,2025-12-08,East,Indiranagar,Bike,Middle Income,54.38,40.17,48.5,12.982107,77.639715
502,2025-12-09,West,Rajajinagar,Scooter,Middle Income,47.39,44.97,41.58,12.997068,77.551966
15,2025-12-10,East,Indiranagar,Car,High Income,66.01,37.06,56.54,12.973091,77.63826
58,2025-12-10,East,Marathahalli,Metro,Low Income,72.6,33.5,62.37,12.960772,77.705397
886,2025-12-10,East,Marathahalli,Metro,Middle Income,60.98,29.95,59.1,12.958053,77.702062
451,2025-12-10,North,Hebbal,Bike,Middle Income,65.13,43.96,51.16,13.042821,77.600899
727,2025-12-10,South,HSR Layout,Scooter,Low Income,52.67,33.34,52.52,12.915628,77.637945
234,2025-12-10,West,Vijayanagar,Bus,Middle Income,53.67,40.4,47.98,12.978703,77.548889
744,2025-12-12,North,Malleshwaram,Scooter,Middle Income,68.86,35.36,59.17,12.996216,77.565231
120,2025-12-12,North,Yelahanka,Metro,Low Income,49.53,31.89,51.99,13.104382,77.602875
503,2025-12-12,South,Jayanagar,Scooter,Low Income,40.91,34.64,45.71,12.92457,77.588733
285,2025-12-13,South,HSR Layout,Car,High Income,34.27,45.64,34.54,12.912925,77.635752
504,2025-12-13,South,Jayanagar,Car,Middle Income,57.59,40.12,50.14,12.922482,77.589158
786,2025-12-13,West,Rajajinagar,Car,Middle Income,52.74,37.98,49.24,12.997739,77.548167
166,2025-12-14,East,Indiranagar,Metro,Middle Income,93.7,38.18,69.58,12.982622,77.647483
604,2025-12-14,East,Whitefield,Metro,Middle Income,63.23,38.41,54.18,12.966816,77.756451
121,2025-12-14,North,Yelahanka,Bus,Low Income,61.3,43.63,49.48,13.108303,77.591969
5,2025-12-14,South,Koramangala,Bus,Middle Income,48.0,49.96,38.32,12.938312,77.631274
989,2025-12-15,South,HSR Layout,Scooter,Middle Income,57.33,42.46,48.33,12.910253,77.64058
311,2025-12-16,South,HSR Layout,Bus,High Income,64.13,26.91,62.84,12.906628,77.631164
715,2025-12-16,South,HSR Layout,Metro,Middle Income,53.55,46.86,43.3,12.911188,77.644651
565,2025-12-16,West,Rajajinagar,Bike,Low Income,39.91,60.62,26.66,12.986549,77.55191
79,2025-12-17,East,Marathahalli,Car,Low Income,48.78,30.88,52.33,12.951458,77.695891
321,2025-12-17,East,Whitefield,Bus,High Income,74.04,43.2,56.16,12.966855,77.743691
313,2025-12-17,South,Jayanagar,Bus,Middle Income,53.47,41.78,46.9,12.937882,77.592225
65,2025-12-18,East,Indiranagar,Bike,Middle Income,67.57,36.41,57.78,12.975219,77.642867
698,2025-12-20,East,Indiranagar,Bike,Middle Income,64.81,30.19,60.84,12.979002,77.64012
183,2025-12-20,South,HSR Layout,Bus,Low Income,57.09,41.73,48.74,12.909413,77.631346
292,2025-12-20,West,Vijayanagar,Scooter,Low Income,38.32,52.83,31.42,12.967273,77.54361
769,2025-12-21,Central,MG Road,Metro,Low Income,59.12,47.15,45.88,12.975297,77.601435
539,2025-12-21,North,Hebbal,Metro,High Income,74.11,39.99,58.49,13.029697,77.599918
23,2025-12-21,North,Yelahanka,Metro,High Income,68.69,38.9,56.56,13.107614,77.59316
626,2025-12-21,South,Jayanagar,Bus,Middle Income,73.0,30.39,64.8,12.932829,77.600188
152,2025-12-21,South,Koramangala,Car,Low Income,46.0,45.61,40.42,12.930135,77.618543
153,2025-12-21,South,Koramangala,Scooter,Middle Income,54.46,36.31,51.3,12.929229,77.62888
129,2025-12-21,West,Nagarbhavi,Car,Middle Income,56.47,37.85,51.2,12.958244,77.512997
654,2025-12-22,Central,MG Road,Bike,High Income,70.65,30.22,63.74,12.970616,77.604156
826,2025-12-22,Central,MG Road,Bus,Low Income,70.85,48.4,50.85,12.973245,77.602732
631,2025-12-22,East,Marathahalli,Metro,Middle Income,82.76,33.99,67.1,12.953194,77.70294
197,2025-12-22,North,Malleshwaram,Metro,Middle Income,65.73,41.19,53.44,13.004484,77.564702
519,2025-12-22,North,Yelahanka,Metro,Middle Income,67.62,42.78,53.25,13.103046,77.603318
332,2025-12-22,South,Jayanagar,Metro,High Income,56.31,53.65,39.83,12.933984,77.585412
349,2025-12-22,West,Rajajinagar,Car,Middle Income,41.18,38.34,43.2,12.989347,77.554419
210,2025-12-22,West,Vijayanagar,Bus,High Income,71.6,34.82,60.93,12.969338,77.542086
268,2025-12-23,Central,MG Road,Metro,Middle Income,65.17,19.35,68.77,12.974026,77.607698
752,2025-12-23,Central,MG Road,Scooter,Low Income,57.96,35.73,53.46,12.977644,77.601062
911,2025-12-24,North,Hebbal,Metro,Low Income,61.59,31.95,57.97,13.029066,77.595431
173,2025-12-24,North,Malleshwaram,Bike,Middle Income,69.65,35.55,59.44,13.006895,77.569087
201,2025-12-25,Central,Shivajinagar,Bike,High Income,67.68,50.22,47.97,12.989349,77.597695
672,2025-12-25,West,Rajajinagar,Car,Low Income,26.66,60.9,19.83,12.991717,77.553797
641,2025-12-26,Central,MG Road,Scooter,Middle Income,73.8,39.35,58.79,12.983127,77.599218
714,2025-12-26,Central,Shivajinagar,Scooter,High Income,76.65,31.7,65.68,12.980996,77.60658
307,2025-12-26,North,Yelahanka,Scooter,Low Income,49.82,60.76,31.51,13.09515,77.590088
895,2025-12-26,South,HSR Layout,Bike,Middle Income,45.84,33.09,49.29,12.904407,77.643426
549,2025-12-26,South,HSR Layout,Scooter,Middle Income,49.8,56.9,34.26,12.91489,77.643683
869,2025-12-26,West,Rajajinagar,Car,Low Income,38.35,55.07,29.84,12.99979,77.556167
374,2025-12-27,West,Vijayanagar,Scooter,Low Income,48.91,45.56,41.91,12.964969,77.540273
983,2025-12-28,East,Marathahalli,Scooter,Middle Income,49.44,29.41,53.72,12.96442,77.701141
860,2025-12-28,South,Koramangala,Bike,Middle Income,57.15,44.57,46.74,12.933323,77.618045
589,2025-12-28,South,Koramangala,Metro,Low Income,50.81,40.92,46.18,12.932416,77.623628
637,2025-12-28,West,Rajajinagar,Bike,Middle Income,42.92,52.82,33.73,12.993741,77.547009
803,2025-12-29,North,Yelahanka,Car,Low Income,44.11,32.49,48.85,13.098055,77.595498
228,2025-12-31,East,Indiranagar,Metro,High Income,77.18,45.03,56.42,12.976778,77.640564
544,2025-12-31,East,Whitefield,Bike,High Income,71.19,44.95,53.49,12.968147,77.742112
561,2025-12-31,West,Vijayanagar,Scooter,Middle Income,47.64,61.74,29.72,12.967436,77.545328
