Date,Time,Location,Ride_Request,Available_Vehicles,Completed_Ride,Cancel_Ride,Waiting_Time_min,Surge_Multiplier
2025-06-13,05:19:00,HSR Layout,22,89.0,0.0,22,16.9,1.3
2025-04-22,02:57:00,Malleshwaram,71,36.0,49.0,22,15.6,1.8
2025-06-23,20:16:00,Rajajinagar,334,12.0,268.0,66,11.9,1.0
2025-09-24,21:24:00,Hebbal,31,179.0,0.0,31,14.5,1.0
2025-08-17,20:24:00,Rajajinagar,44,16.0,8.0,36,11.3,1.2
2025-12-23,07:42:00,BTM Layout,173,171.0,158.0,15,19.5,1.0
2025-10-29,18:39:00,Malleshwaram,328,54.0,298.0,30,8.8,1.0
2025-06-04,04:09:00,Hebbal,44,168.0,9.0,35,20.3,2.0
2025-12-07,08:42:00,BTM Layout,211,126.0,187.0,24,3.5,1.0
2025-10-06,19:14:00,JP Nagar,36,85.0,9.0,27,2.4,1.2
2025-07-22,21:56:00,Electronic City,254,40.0,231.0,23,7.7,1.3
2025-02-09,19:15:00,Banashankari,77,145.0,65.0,12,22.8,1.2
2025-11-20,22:05:00,HSR Layout,66,92.0,15.0,51,3.9,2.0
2025-02-07,11:40:00,Indiranagar,107,24.0,54.0,53,14.6,1.0
2025-12-07,10:49:00,Yelahanka,196,119.0,173.0,23,14.4,1.0
2025-07-16,08:07:00,Whitefield,245,152.0,219.0,26,18.9,1.5
2025-03-24,11:15:00,Electronic City,230,174.0,162.0,68,23.7,1.0
2025-12-27,23:47:00,Whitefield,328,88.0,318.0,10,5.4,1.2
2025-07-21,14:06:00,MG Road,185,50.0,123.0,62,12.4,1.2
2025-05-09,02:48:00,MG Road,210,106.0,184.0,26,16.4,1.2
2025-10-15,00:44:00,JP Nagar,40,140.0,4.0,36,9.0,2.0
2025-12-15,15:43:00,Marathahalli,320,34.0,312.0,8,7.9,1.8
2025-10-08,12:45:00,JP Nagar,116,148.0,59.0,57,12.1,1.2
2025-01-24,19:12:00,MG Road,133,71.0,110.0,23,14.7,1.8
2025-07-22,08:41:00,Jayanagar,21,23.0,0.0,21,3.0,1.5
2025-05-19,15:11:00,HSR Layout,205,120.0,125.0,80,11.5,1.0
2025-06-17,16:52:00,Koramangala,350,60.0,338.0,12,20.8,1.0
2025-03-28,23:46:00,Indiranagar,209,117.0,134.0,75,7.6,1.0
2025-02-07,13:11:00,Malleshwaram,278,145.0,216.0,62,8.4,1.0
2025-08-01,16:28:00,Marathahalli,261,146.0,225.0,36,5.3,1.2
2025-06-28,10:38:00,Banashankari,205,118.0,183.0,22,22.5,1.5
2025-10-09,,Hebbal,46,167.0,21.0,25,2.1,1.0
2025-12-16,02:32:00,Rajajinagar,115,136.0,88.0,27,4.7,1.0
2025-04-05,10:50:00,Malleshwaram,94,86.0,86.0,8,22.2,1.8
2025-01-25,23:32:00,Marathahalli,79,102.0,21.0,58,4.8,1.3
2025-05-28,23:07:00,Koramangala,299,118.0,274.0,25,23.7,1.3
2025-09-12,15:32:00,MG Road,281,132.0,230.0,51,21.8,1.0
2025-03-17,04:30:00,Marathahalli,192,151.0,177.0,15,19.1,1.8
2025-08-26,12:34:00,Malleshwaram,322,55.0,254.0,68,18.8,1.2
2025-11-28,02:41:00,Koramangala,250,142.0,198.0,52,18.7,1.2
2025-11-22,16:47:00,Yelahanka,66,109.0,1.0,65,9.7,1.0
2025-04-09,14:21:00,Jayanagar,214,150.0,187.0,27,8.9,1.0
2025-02-26,13:04:00,Jayanagar,207,15.0,143.0,64,10.4,1.0
2025-02-22,07:26:00,Whitefield,99,53.0,30.0,69,20.3,1.0
2025-11-02,04:42:00,Hebbal,314,52.0,260.0,54,13.2,1.0
2025-11-02,12:51:00,Indiranagar,98,164.0,73.0,25,20.6,1.0
2025-02-01,04:42:00,HSR Layout,285,88.0,254.0,31,25.0,2.0
2025-10-01,10:17:00,Hebbal,82,132.0,74.0,8,19.7,2.0
2025-10-13,01:23:00,Marathahalli,62,34.0,16.0,46,10.8,2.0
2025-12-12,07:58:00,Jayanagar,261,148.0,253.0,8,9.5,1.2
2025-11-08,21:53:00,HSR Layout,119,61.0,40.0,79,20.0,1.3
2025-04-02,03:39:00,Indiranagar,69,66.0,0.0,69,6.4,1.3
2025-06-26,10:42:00,Koramangala,243,103.0,173.0,70,22.7,1.2
2025-11-15,18:13:00,Jayanagar,33,149.0,0.0,33,17.2,1.0
2025-08-02,15:43:00,Banashankari,59,38.0,40.0,19,23.2,2.0
2025-01-11,11:31:00,Electronic City,175,130.0,131.0,44,21.7,1.0
2025-07-07,13:23:00,Rajajinagar,134,79.0,54.0,80,5.1,1.0
2025-07-27,00:42:00,Malleshwaram,186,163.0,160.0,26,12.6,1.5
2025-07-25,02:21:00,Malleshwaram,258,84.0,217.0,41,9.5,2.0
2025-06-03,23:45:00,BTM Layout,219,96.0,201.0,18,13.2,2.0
2025-07-24,15:00:00,Indiranagar,217,132.0,169.0,48,17.9,1.5
2025-05-15,02:54:00,Hebbal,224,38.0,155.0,69,19.5,2.0
2025-05-02,09:57:00,JP Nagar,153,105.0,108.0,45,18.1,1.5
2025-12-17,04:27:00,Koramangala,267,110.0,200.0,67,12.1,1.0
2025-04-13,04:44:00,MG Road,141,97.0,73.0,68,14.7,1.5
2025-04-07,02:20:00,Electronic City,113,33.0,91.0,22,16.6,2.0
2025-11-22,22:40:00,Malleshwaram,203,141.0,190.0,13,11.1,1.8
2025-02-28,09:30:00,Malleshwaram,313,114.0,280.0,33,21.4,1.0
2025-10-20,21:28:00,Marathahalli,290,159.0,274.0,16,23.5,1.3
2025-11-02,04:42:00,Hebbal,314,52.0,260.0,54,13.2,1.0
2025-07-15,11:57:00,Koramangala,321,113.0,243.0,78,5.1,2.0
2025-04-11,03:40:00,Jayanagar,36,20.0,0.0,36,12.8,1.3
2025-09-17,18:25:00,BTM Layout,289,91.0,280.0,9,22.2,1.0
2025-08-21,03:00:00,Yelahanka,181,34.0,144.0,37,24.3,1.8
2025-04-09,17:57:00,BTM Layout,147,50.0,70.0,77,14.8,1.8
2025-10-21,22:50:00,Koramangala,272,135.0,248.0,24,3.7,1.0
2025-10-01,00:12:00,Malleshwaram,348,154.0,335.0,13,3.0,1.0
2025-02-26,23:44:00,Electronic City,114,124.0,77.0,37,17.2,1.0
2025-10-11,03:10:00,Banashankari,325,103.0,279.0,46,2.3,1.8
2025-08-24,05:44:00,Indiranagar,200,144.0,174.0,26,13.2,1.0
2025-10-12,09:33:00,Yelahanka,135,105.0,111.0,24,17.1,1.0
2025-08-29,01:49:00,Jayanagar,344,163.0,265.0,79,3.6,1.2
2025-09-08,00:39:00,JP Nagar,77,83.0,26.0,51,7.5,1.2
2025-03-16,22:23:00,Yelahanka,309,22.0,284.0,25,14.8,1.0
2025-01-24,10:10:00,Rajajinagar,168,138.0,105.0,63,15.7,1.5
2025-03-01,17:31:00,Banashankari,151,152.0,78.0,73,7.8,2.0
2025-04-30,02:51:00,Hebbal,165,70.0,91.0,74,6.3,1.0
2025-06-29,21:53:00,BTM Layout,280,142.0,224.0,56,9.6,1.0
2025-11-28,19:04:00,Rajajinagar,54,57.0,0.0,54,5.2,1.5
2025-09-23,09:06:00,Koramangala,62,115.0,3.0,59,15.9,1.0
2025-01-03,19:32:00,HSR Layout,325,145.0,270.0,55,23.8,1.3
2025-12-04,16:39:00,HSR Layout,28,146.0,23.0,5,11.5,1.0
2025-06-15,05:24:00,Rajajinagar,342,145.0,332.0,10,14.0,1.3
2025-01-07,04:40:00,Yelahanka,285,129.0,244.0,41,11.5,1.0
2025-08-23,10:47:00,Marathahalli,57,164.0,51.0,6,25.0,1.0
2025-11-25,11:36:00,Hebbal,77,45.0,35.0,42,12.4,1.3
2025-04-27,16:31:00,Malleshwaram,210,17.0,169.0,41,5.4,1.3
2025-05-22,12:16:00,JP Nagar,88,127.0,41.0,47,12.6,1.5
2025-02-23,05:41:00,Hebbal,112,134.0,37.0,75,9.8,1.0
2025-05-14,23:55:00,Indiranagar,140,140.0,73.0,67,21.8,1.5
2025-11-18,23:24:00,Yelahanka,263,136.0,243.0,20,18.9,1.0
2025-02-26,09:37:00,Hebbal,35,156.0,0.0,35,11.1,1.5
2025-09-07,10:14:00,Banashankari,148,150.0,72.0,76,3.1,1.0
2025-11-13,02:20:00,Whitefield,140,28.0,99.0,41,12.0,1.0
2025-05-20,23:54:00,Whitefield,338,87.0,271.0,67,2.4,1.0
2025-11-25,23:06:00,HSR Layout,93,149.0,80.0,13,2.2,1.0
2025-02-26,09:37:00,Hebbal,35,156.0,0.0,35,11.1,1.5
2025-09-26,10:52:00,Indiranagar,233,81.0,176.0,57,10.7,2.0
2025-01-23,02:15:00,Malleshwaram,174,29.0,168.0,6,20.0,1.2
2025-07-16,08:07:00,Whitefield,245,152.0,219.0,26,18.9,1.5
2025-11-03,17:20:00,Electronic City,89,111.0,76.0,13,9.8,1.3
2025-11-07,16:57:00,Jayanagar,166,95.0,132.0,34,7.0,1.2
2025-03-24,06:16:00,Whitefield,133,34.0,96.0,37,6.2,1.0
2025-04-27,10:42:00,Rajajinagar,182,73.0,140.0,42,15.9,1.8
2025-12-01,00:36:00,Hebbal,72,14.0,16.0,56,14.8,1.0
2025-10-19,21:11:00,Malleshwaram,50,58.0,33.0,17,16.4,1.3
2025-02-28,16:58:00,Koramangala,324,56.0,291.0,33,11.8,1.8
2025-09-02,10:13:00,Malleshwaram,24,79.0,0.0,24,15.7,1.0
2025-03-03,13:24:00,Banashankari,130,53.0,67.0,63,18.5,1.0
2025-09-22,20:55:00,BTM Layout,159,141.0,118.0,41,20.6,1.8
2025-04-04,23:19:00,Rajajinagar,117,56.0,49.0,68,7.4,1.2
2025-08-28,18:49:00,Koramangala,86,84.0,70.0,16,11.2,2.0
2025-03-20,12:45:00,Malleshwaram,102,140.0,28.0,74,23.1,1.5
2025-11-06,20:57:00,Malleshwaram,324,88.0,269.0,55,2.7,1.3
2025-08-01,18:32:00,Koramangala,294,94.0,238.0,56,7.1,1.2
2025-12-13,23:14:00,Jayanagar,349,128.0,311.0,38,6.4,1.2
2025-09-25,14:21:00,Rajajinagar,209,140.0,199.0,10,11.9,2.0
2025-03-29,22:26:00,Electronic City,305,29.0,277.0,28,12.8,1.3
2025-10-11,05:18:00,Jayanagar,159,58.0,118.0,41,18.5,1.2
2025-12-17,14:28:00,HSR Layout,73,116.0,42.0,31,16.9,1.0
2025-06-13,18:26:00,Indiranagar,61,64.0,39.0,22,10.8,1.0
2025-11-17,21:00:00,Malleshwaram,174,151.0,107.0,67,14.7,1.0
2025-03-31,13:53:00,HSR Layout,279,23.0,261.0,18,13.6,1.5
2025-12-29,14:56:00,HSR Layout,244,161.0,172.0,72,5.7,1.5
2025-02-11,16:38:00,Yelahanka,190,167.0,163.0,27,3.3,2.0
2025-08-17,00:23:00,Whitefield,155,22.0,124.0,31,10.1,1.0
2025-03-04,19:21:00,Yelahanka,294,179.0,244.0,50,9.0,1.0
2025-07-10,16:41:00,Indiranagar,324,126.0,262.0,62,15.5,1.5
2025-10-23,18:52:00,Hebbal,137,138.0,121.0,16,13.3,1.2
2025-03-17,23:14:00,Jayanagar,144,33.0,135.0,9,6.4,2.0
2025-08-01,01:35:00,Koramangala,344,120.0,264.0,80,12.5,1.0
2025-03-05,03:06:00,BTM Layout,78,97.0,16.0,62,4.0,1.8
2025-04-26,10:56:00,HSR Layout,200,179.0,161.0,39,11.7,1.0
2025-02-22,04:59:00,Indiranagar,151,159.0,121.0,30,5.5,1.0
2025-10-27,14:37:00,Yelahanka,318,61.0,262.0,56,24.9,1.0
2025-10-18,01:06:00,BTM Layout,329,120.0,305.0,24,23.8,1.5
2025-06-19,14:41:00,Koramangala,74,71.0,68.0,6,7.1,1.2
2025-01-25,09:53:00,BTM Layout,169,24.0,97.0,72,13.8,1.0
2025-11-10,07:32:00,Koramangala,347,132.0,270.0,77,5.2,1.0
2025-10-20,20:40:00,Jayanagar,219,34.0,191.0,28,21.9,1.3
2025-05-23,19:51:00,Malleshwaram,323,169.0,284.0,39,23.7,1.5
2025-12-25,02:10:00,JP Nagar,297,22.0,285.0,12,24.7,2.0
2025-03-30,10:23:00,Whitefield,34,37.0,14.0,20,21.7,1.0
2025-01-14,20:53:00,Jayanagar,335,150.0,296.0,39,16.1,1.2
2025-04-14,21:10:00,JP Nagar,246,167.0,213.0,33,18.2,1.5
2025-09-26,21:50:00,Electronic City,347,93.0,274.0,73,13.1,1.2
2025-01-06,21:51:00,Electronic City,123,22.0,82.0,41,9.1,1.5
2025-09-18,06:02:00,Rajajinagar,316,37.0,289.0,27,4.4,1.5
2025-08-01,22:21:00,Jayanagar,70,109.0,3.0,67,23.6,1.3
2025-08-17,20:18:00,Koramangala,314,61.0,245.0,69,11.9,1.8
2025-10-28,06:49:00,MG Road,114,28.0,65.0,49,5.3,1.3
2025-10-05,01:25:00,Whitefield,245,113.0,171.0,74,4.4,1.2
2025-05-05,17:36:00,Indiranagar,109,89.0,34.0,75,14.9,2.0
2025-05-15,04:57:00,MG Road,291,78.0,231.0,60,23.3,2.0
2025-02-04,20:26:00,Marathahalli,205,149.0,126.0,79,12.0,1.3
2025-02-24,21:47:00,BTM Layout,315,122.0,265.0,50,18.2,1.8
2025-08-25,08:31:00,Malleshwaram,58,145.0,0.0,58,4.3,1.0
2025-07-10,14:04:00,Banashankari,344,87.0,284.0,60,16.0,1.2
2025-09-04,11:48:00,Indiranagar,348,147.0,294.0,54,22.5,1.0
2025-06-04,16:15:00,Hebbal,292,179.0,258.0,34,18.2,2.0
2025-11-14,08:09:00,BTM Layout,184,142.0,171.0,13,20.8,1.2
2025-02-19,15:34:00,Banashankari,332,156.0,306.0,26,3.5,1.0
2025-10-01,08:21:00,Hebbal,103,74.0,39.0,64,24.8,1.2
2025-10-06,23:41:00,BTM Layout,140,176.0,113.0,27,3.8,2.0
2025-08-27,03:21:00,JP Nagar,260,57.0,215.0,45,10.5,1.8
2025-02-25,00:39:00,Whitefield,169,102.0,115.0,54,13.7,1.0
2025-09-03,07:11:00,BTM Layout,322,110.0,297.0,25,2.5,1.0
2025-12-19,20:21:00,Malleshwaram,99,27.0,47.0,52,7.7,2.0
2025-01-24,19:12:00,MG Road,133,71.0,110.0,23,14.7,1.8
2025-01-02,00:46:00,BTM Layout,172,144.0,108.0,64,11.8,1.8
2025-04-27,04:35:00,Malleshwaram,173,87.0,112.0,61,8.2,1.8
2025-12-26,18:19:00,Koramangala,324,68.0,309.0,15,17.1,1.5
2025-09-16,08:55:00,Malleshwaram,297,143.0,249.0,48,14.6,1.0
2025-07-10,15:25:00,HSR Layout,174,82.0,142.0,32,6.0,1.5
2025-01-29,09:05:00,HSR Layout,220,125.0,206.0,14,6.2,1.3
2025-08-02,01:30:00,Rajajinagar,40,134.0,0.0,40,2.8,1.8
2025-04-18,11:44:00,JP Nagar,128,170.0,71.0,57,21.6,1.0
2025-08-21,03:00:00,Yelahanka,181,34.0,144.0,37,24.3,1.8
2025-04-28,08:26:00,Indiranagar,255,75.0,206.0,49,6.3,1.0
2025-11-23,13:27:00,Jayanagar,58,20.0,0.0,58,12.0,1.0
2025-05-11,01:30:00,HSR Layout,243,142.0,238.0,5,17.8,1.2
2025-11-14,23:19:00,JP Nagar,143,154.0,75.0,68,5.3,2.0
2025-09-12,01:00:00,Indiranagar,215,95.0,156.0,59,6.9,1.0
2025-03-01,04:50:00,Yelahanka,198,121.0,154.0,44,20.0,2.0
2025-08-25,05:40:00,Jayanagar,236,18.0,194.0,42,17.9,1.0
2025-05-02,14:04:00,JP Nagar,122,61.0,69.0,53,3.7,2.0
2025-05-02,11:50:00,BTM Layout,183,27.0,157.0,26,20.9,1.5
2025-01-28,17:56:00,HSR Layout,236,13.0,170.0,66,13.6,1.8
2025-02-13,21:06:00,Rajajinagar,171,23.0,135.0,36,3.9,1.0
2025-05-25,13:13:00,BTM Layout,229,158.0,181.0,48,3.2,1.5
2025-10-23,21:29:00,Indiranagar,47,149.0,23.0,24,23.8,1.0
2025-12-01,20:33:00,MG Road,25,83.0,0.0,25,14.1,1.5
2025-07-23,16:54:00,JP Nagar,115,14.0,73.0,42,2.2,1.0
2025-06-23,20:16:00,Rajajinagar,334,12.0,268.0,66,11.9,1.0
2025-02-12,17:03:00,Jayanagar,242,29.0,195.0,47,22.6,1.0
2025-01-31,05:37:00,Hebbal,214,72.0,209.0,5,23.3,2.0
2025-04-16,17:40:00,Whitefield,330,105.0,260.0,70,8.8,1.0
2025-01-01,21:46:00, Indiranagar ,279,52.0,226.0,53,22.3,1.5
2025-11-18,02:24:00,HSR Layout,217,13.0,170.0,47,8.8,1.3
2025-11-28,19:09:00,HSR Layout,219,78.0,184.0,35,17.9,1.0
2025-03-04,01:27:00,Indiranagar,256,151.0,245.0,11,12.0,1.8
2025-01-27,08:37:00,Banashankari,264,21.0,245.0,19,11.2,1.0
2025-09-16,13:07:00,Electronic City,234,106.0,198.0,36,24.2,1.3
2025-10-02,00:16:00,Indiranagar,75,72.0,15.0,60,18.7,1.8
2025-10-22,08:16:00,Electronic City,186,105.0,133.0,53,10.4,1.2
2025-09-04,21:47:00,Yelahanka,172,18.0,142.0,30,21.9,1.2
2025-06-07,15:10:00,Koramangala,204,38.0,165.0,39,4.0,1.8
2025-02-06,01:15:00,BTM Layout,92,9.0,25.0,67,12.8,1.0
2025-06-25,07:35:00,JP Nagar,293,176.0,228.0,65,10.2,1.3
2025-04-27,17:22:00,Banashankari,21,8.0,11.0,10,7.6,2.0
2025-08-31,09:53:00,Malleshwaram,313,149.0,290.0,23,18.8,2.0
2025-12-13,18:36:00,Hebbal,64,13.0,0.0,64,2.7,1.2
2025-03-01,15:28:00,Electronic City,333,175.0,321.0,12,19.1,1.0
2025-04-12,20:47:00,Banashankari,122,138.0,84.0,38,24.4,1.5
2025-02-25,00:39:00,Whitefield,169,102.0,115.0,54,13.7,1.0
2025-01-05,12:35:00,Jayanagar,122,82.0,80.0,42,19.0,1.2
2025-11-16,22:30:00,Indiranagar,281,180.0,243.0,38,9.9,2.0
2025-09-12,05:04:00,JP Nagar,347,14.0,342.0,5,17.3,1.3
2025-06-19,16:07:00,MG Road,71,145.0,49.0,22,24.5,1.0
2025-12-03,17:41:00,MG Road,166,158.0,137.0,29,13.7,1.2
2025-08-21,11:38:00,Electronic City,100,88.0,48.0,52,19.9,1.0
2025-10-22,04:19:00,Yelahanka,245,52.0,207.0,38,6.7,1.0
2025-06-09,20:39:00,HSR Layout,188,38.0,126.0,62,6.8,1.0
2025-08-22,19:14:00,Marathahalli,49,177.0,0.0,49,20.6,1.0
2025-06-16,18:58:00,HSR Layout,56,123.0,13.0,43,11.2,1.8
2025-01-24,01:21:00,Rajajinagar,185,138.0,167.0,18,16.6,1.3
2025-02-03,05:05:00,Yelahanka,163,101.0,155.0,8,16.4,1.0
2025-10-26,13:40:00,JP Nagar,293,112.0,224.0,69,14.5,1.5
2025-01-17,06:02:00,JP Nagar,305,47.0,262.0,43,13.3,1.0
2025-10-03,18:38:00,Marathahalli,328,61.0,295.0,33,8.3,2.0
2025-10-04,07:24:00,HSR Layout,48,79.0,26.0,22,7.4,1.5
2025-11-09,13:24:00,Koramangala,111,41.0,44.0,67,14.4,1.8
2025-10-19,20:49:00,MG Road,214,131.0,166.0,48,21.6,1.0
2025-10-06,11:52:00,Electronic City,185,158.0,121.0,64,23.0,1.0
2025-04-29,23:27:00,Koramangala,33,127.0,0.0,33,5.1,2.0
2025-10-28,04:55:00,Electronic City,223,46.0,209.0,14,15.0,1.8
2025-10-14,06:14:00,Whitefield,191,95.0,175.0,16,7.1,1.3
2025-07-22,10:35:00,Yelahanka,193,48.0,160.0,33,3.8,1.0
2025-01-29,05:40:00,HSR Layout,152,108.0,124.0,28,15.8,1.0
2025-01-25,01:43:00,Jayanagar,164,172.0,96.0,68,17.5,1.3
2025-04-08,05:26:00,Marathahalli,275,132.0,205.0,70,22.2,2.0
2025-06-21,14:39:00,Koramangala,159,72.0,87.0,72,18.4,1.0
2025-12-05,12:38:00,BTM Layout,55,92.0,0.0,55,2.3,1.8
2025-09-28,00:24:00,Indiranagar,204,104.0,159.0,45,21.8,1.8
2025-12-31,18:53:00,Whitefield,343,58.0,311.0,32,16.4,1.3
2025-02-16,23:24:00,JP Nagar,336,165.0,288.0,48,3.4,1.5
2025-10-23,06:33:00,BTM Layout,55,63.0,45.0,10,19.8,1.0
2025-08-21,16:39:00,MG Road,187,28.0,108.0,79,18.8,2.0
2025-03-24,06:48:00,Banashankari,329,69.0,307.0,22,3.2,2.0
2025-12-31,22:10:00,Banashankari,211,104.0,183.0,28,13.3,1.0
2025-10-16,06:25:00,Electronic City,272,49.0,198.0,74,13.3,1.0
2025-02-09,07:22:00,Koramangala,285,64.0,268.0,17,14.2,1.2
2025-09-07,07:14:00,Yelahanka,201,76.0,163.0,38,22.2,1.3
2025-10-09,15:44:00,Koramangala,350,79.0,275.0,75,17.4,1.3
2025-10-24,11:52:00,Banashankari,200,133.0,175.0,25,20.0,1.2
2025-07-07,18:38:00,Malleshwaram,108,23.0,43.0,65,2.4,1.0
2025-10-10,15:21:00,Whitefield,216,52.0,166.0,50,11.8,1.0
2025-11-06,22:02:00,Marathahalli,65,59.0,36.0,29,23.0,1.8
2025-01-20,13:30:00,MG Road,189,126.0,154.0,35,23.2,1.5
2025-03-21,03:38:00,BTM Layout,81,174.0,66.0,15,13.3,1.0
2025-03-12,08:43:00,Koramangala,168,6.0,122.0,46,13.4,1.8
2025-12-02,19:56:00,Malleshwaram,220,177.0,156.0,64,19.2,1.2
2025-02-09,22:00:00,Hebbal,66,123.0,0.0,66,15.3,1.0
2025-04-25,22:43:00,Hebbal,321,83.0,294.0,27,18.9,1.3
2025-03-07,22:31:00,Indiranagar,263,72.0,188.0,75,14.1,1.8
2025-02-11,20:24:00,Rajajinagar,40,87.0,0.0,40,15.9,1.0
2025-08-07,20:46:00,HSR Layout,182,152.0,144.0,38,24.9,1.5
2025-01-23,03:33:00,Indiranagar,46,45.0,0.0,46,20.1,2.0
2025-07-12,18:46:00,Marathahalli,150,119.0,99.0,51,24.1,1.0
2025-04-01,10:30:00,Jayanagar,227,32.0,214.0,13,17.8,1.8
2025-07-03,17:09:00,Malleshwaram,74,180.0,32.0,42,8.9,1.0
2025-12-28,10:44:00,Hebbal,36,27.0,0.0,36,13.4,1.2
2025-02-17,16:27:00,Banashankari,86,5.0,12.0,74,22.6,1.8
2025-01-28,06:04:00,Koramangala,148,152.0,72.0,76,20.9,1.3
2025-04-30,03:26:00,Marathahalli,214,167.0,174.0,40,21.2,1.0
2025-04-25,08:36:00,Rajajinagar,331,169.0,287.0,44,8.3,1.8
2025-01-07,09:42:00,Electronic City,196,119.0,147.0,49,22.1,1.0
2025-06-23,11:58:00,Banashankari,23,41.0,0.0,23,15.0,1.8
2025-01-12,04:16:00,Rajajinagar,140,25.0,103.0,37,6.8,1.8
2025-09-02,05:13:00,Hebbal,252,145.0,200.0,52,23.0,1.2
2025-05-22,04:56:00,Electronic City,86,49.0,12.0,74,4.5,1.0
2025-09-05,12:14:00,Malleshwaram,40,129.0,7.0,33,7.3,1.3
2025-01-16,03:23:00,Marathahalli,47,178.0,34.0,13,2.6,1.0
2025-12-01,11:52:00,HSR Layout,80,105.0,53.0,27,14.2,1.2
2025-09-22,13:51:00,Marathahalli,200,128.0,151.0,49,22.4,1.0
2025-11-14,08:33:00,JP Nagar,90,165.0,73.0,17,16.9,1.3
2025-08-03,03:34:00,Electronic City,281,34.0,261.0,20,20.0,2.0
2025-12-19,16:24:00,MG Road,189,8.0,154.0,35,17.4,1.0
2025-06-14,06:50:00,Electronic City,118,141.0,77.0,41,9.3,2.0
2025-11-12,14:16:00,Banashankari,147,88.0,122.0,25,23.5,1.5
2025-05-24,13:04:00,Whitefield,90,169.0,32.0,58,22.3,1.2
2025-02-04,14:35:00,Electronic City,301,125.0,288.0,13,5.1,1.3
2025-01-13,17:38:00,Malleshwaram,211,135.0,141.0,70,12.2,1.0
2025-04-11,00:46:00,Banashankari,62,119.0,0.0,62,17.6,1.0
2025-10-15,22:09:00,BTM Layout,24,93.0,5.0,19,12.3,1.2
2025-12-18,11:47:00,HSR Layout,87,143.0,60.0,27,18.0,1.5
2025-07-25,02:21:00,Malleshwaram,258,84.0,217.0,41,9.5,2.0
2025-08-31,11:50:00,Rajajinagar,235,170.0,174.0,61,2.5,1.2
2025-04-01,17:48:00,Malleshwaram,158,128.0,85.0,73,12.7,1.3
2025-10-20,07:18:00,BTM Layout,133,57.0,100.0,33,8.2,1.8
2025-02-04,16:00:00,Malleshwaram,246,75.0,203.0,43,15.6,1.5
2025-08-05,23:41:00,Koramangala,87,63.0,21.0,66,10.8,1.0
2025-02-13,21:06:00,Rajajinagar,171,23.0,135.0,36,3.9,1.0
2025-10-24,18:30:00,MG Road,51,17.0,6.0,45,15.4,1.0
2025-01-23,10:51:00,Hebbal,262,174.0,209.0,53,20.2,1.0
2025-10-21,08:21:00,Electronic City,107,161.0,93.0,14,22.5,2.0
2025-03-23,03:25:00,Electronic City,146,141.0,111.0,35,20.8,1.0
2025-10-11,20:30:00,Malleshwaram,327,11.0,286.0,41,21.5,1.3
2025-01-10,12:22:00,Whitefield,178,92.0,150.0,28,23.8,2.0
2025-10-21,15:17:00,Marathahalli,65,85.0,0.0,65,4.7,2.0
2025-10-25,18:28:00,Electronic City,123,139.0,101.0,22,22.9,1.8
2025-06-17,14:10:00,Indiranagar,109,143.0,79.0,30,22.2,1.5
2025-02-16,07:48:00,MG Road,314,177.0,234.0,80,20.9,1.0
2025-05-27,18:16:00,Electronic City,196,103.0,139.0,57,17.1,2.0
2025-07-30,08:09:00,Jayanagar,109,51.0,100.0,9,18.5,1.0
2025-04-13,04:11:00,Marathahalli,89,49.0,75.0,14,22.7,2.0
2025-08-17,12:46:00,Malleshwaram,220,178.0,156.0,64,15.5,1.0
2025-11-28,02:09:00,JP Nagar,345,82.0,281.0,64,16.9,1.0
2025-12-27,13:59:00,MG Road,171,145.0,146.0,25,13.4,1.2
2025-07-07,01:32:00,Jayanagar,225,148.0,214.0,11,6.5,1.3
2025-08-13,06:35:00,Yelahanka,30,39.0,0.0,30,7.8,1.0
2025-12-26,03:54:00,Hebbal,302,120.0,270.0,32,22.4,1.8
2025-01-12,22:28:00,MG Road,222,149.0,182.0,40,21.9,1.0
2025-12-03,12:24:00,Koramangala,251,173.0,232.0,19,7.1,1.5
2025-11-14,01:49:00,Marathahalli,203,39.0,197.0,6,6.5,1.8
2025-12-18,21:38:00,Marathahalli,155,69.0,86.0,69,22.8,1.0
2025-03-22,14:54:00,BTM Layout,347,86.0,280.0,67,6.0,1.5
2025-01-06,21:57:00,Banashankari,100,125.0,31.0,69,21.6,1.0
2025-11-02,18:23:00,Rajajinagar,106,79.0,60.0,46,8.7,1.3
2025-12-04,02:53:00,BTM Layout,165,167.0,95.0,70,16.2,1.0
2025-10-16,02:06:00,Koramangala,97,176.0,80.0,17,9.9,1.8
2025-06-14,20:45:00,Indiranagar,95,75.0,82.0,13,16.4,1.5
2025-09-29,06:30:00,BTM Layout,29,68.0,24.0,5,7.2,1.5
2025-09-26,01:09:00,Malleshwaram,58,6.0,47.0,11,11.5,1.2
2025-09-28,08:34:00,BTM Layout,303,34.0,297.0,6,17.7,1.3
2025-08-31,23:57:00,Rajajinagar,98,180.0,67.0,31,16.5,1.3
2025-03-20,08:57:00,Koramangala,173,172.0,108.0,65,17.3,1.3
2025-04-21,15:09:00,Electronic City,232,46.0,171.0,61,20.5,1.8
2025-03-31,06:37:00,JP Nagar,189,177.0,141.0,48,13.0,2.0
2025-12-13,18:27:00,Malleshwaram,189,40.0,135.0,54,20.2,1.0
2025-10-01,07:30:00,Malleshwaram,89,144.0,34.0,55,8.8,1.0
2025-09-03,10:43:00,Yelahanka,110,79.0,55.0,55,18.9,2.0
2025-08-01,05:58:00,Rajajinagar,304,150.0,240.0,64,19.4,1.0
2025-07-01,09:07:00,Yelahanka,223,108.0,208.0,15,12.6,1.2
2025-01-09,16:22:00,Rajajinagar,176,122.0,151.0,25,21.7,1.0
2025-01-19,18:49:00,JP Nagar,153,143.0,79.0,74,12.9,1.0
2025-10-20,12:43:00,BTM Layout,81,18.0,12.0,69,6.1,1.0
2025-12-19,21:28:00,Electronic City,33,172.0,0.0,33,20.0,1.2
2025-05-12,05:31:00,Malleshwaram,57,20.0,17.0,40,10.8,1.5
2025-08-10,20:50:00,Electronic City,159,73.0,112.0,47,20.5,1.3
2025-08-19,11:25:00,Yelahanka,153,148.0,102.0,51,14.8,1.3
2025-07-15,20:23:00,Marathahalli,291,134.0,249.0,42,15.9,1.0
2025-04-26,18:21:00,Malleshwaram,167,122.0,141.0,26,15.0,2.0
2025-06-03,05:22:00,Malleshwaram,346,97.0,319.0,27,13.7,1.0
2025-07-07,06:16:00,Whitefield,275,112.0,216.0,59,18.1,1.5
2025-06-14,20:45:00,Indiranagar,95,75.0,82.0,13,16.4,1.5
2025-12-02,22:03:00,Jayanagar,187,175.0,120.0,67,18.0,2.0
2025-02-27,08:03:00,Yelahanka,344,8.0,284.0,60,5.8,1.3
2025-12-02,22:03:00,Jayanagar,187,175.0,120.0,67,18.0,2.0
2025-12-17,21:37:00,Electronic City,296,161.0,217.0,79,3.2,1.5
2025-11-14,21:27:00,MG Road,305,52.0,274.0,31,5.4,1.5
2025-02-02,12:43:00,Marathahalli,196,133.0,134.0,62,14.1,1.0
2025-02-22,04:46:00,MG Road,82,61.0,76.0,6,5.0,1.8
2025-06-16,01:54:00,Yelahanka,170,115.0,120.0,50,5.3,1.8
2025-10-19,23:09:00,Jayanagar,244,102.0,216.0,28,19.9,1.0
2025-07-06,17:30:00,Indiranagar,101,160.0,93.0,8,17.6,2.0
2025-03-11,17:53:00,Indiranagar,311,54.0,303.0,8,22.1,1.2
2025-12-17,16:11:00,Indiranagar,274,176.0,247.0,27,23.2,1.0
2025-07-26,04:05:00,Jayanagar,311,157.0,275.0,36,2.9,1.0
2025-07-09,12:07:00,Rajajinagar,127,179.0,88.0,39,16.9,1.0
2025-04-13,06:20:00,HSR Layout,215,130.0,173.0,42,3.0,1.3
2025-10-15,17:15:00,BTM Layout,273,130.0,216.0,57,11.6,2.0
2025-11-03,21:46:00,Koramangala,82,159.0,62.0,20,5.0,1.0
2025-10-29,07:31:00,Rajajinagar,23,166.0,9.0,14,3.4,1.0
2025-08-24,12:08:00,Electronic City,99,98.0,77.0,22,22.5,1.2
2025-12-17,20:29:00,Malleshwaram,81,15.0,4.0,77,10.0,1.8
2025-08-21,03:04:00,Rajajinagar,148,171.0,102.0,46,22.9,1.0
2025-04-19,18:24:00,Hebbal,122,176.0,78.0,44,16.9,2.0
2025-11-20,22:05:00,HSR Layout,66,92.0,15.0,51,3.9,2.0
2025-05-21,07:08:00,Malleshwaram,106,45.0,28.0,78,13.3,1.0
2025-05-10,10:28:00,Malleshwaram,315,106.0,266.0,49,18.9,1.0
2025-02-06,13:33:00,MG Road,41,122.0,0.0,41,23.2,1.5
2025-07-14,21:38:00,Yelahanka,98,97.0,44.0,54,4.5,1.0
2025-08-19,03:31:00,HSR Layout,195,170.0,180.0,15,6.0,1.2
2025-08-17,02:40:00,Marathahalli,215,166.0,174.0,41,24.0,1.0
2025-09-06,17:37:00,HSR Layout,211,45.0,199.0,12,3.5,1.8
2025-12-08,18:55:00,JP Nagar,173,39.0,155.0,18,8.1,1.0
2025-01-18,02:29:00,Rajajinagar,56,69.0,0.0,56,19.9,1.0
2025-04-08,03:13:00,Yelahanka,69,113.0,9.0,60,11.5,1.0
2025-02-08,23:35:00,MG Road,96,99.0,22.0,74,15.4,1.0
2025-05-07,11:10:00,Whitefield,242,156.0,163.0,79,23.8,1.0
2025-09-08,05:42:00,MG Road,62,61.0,0.0,62,8.7,1.3
2025-09-25,20:49:00,Marathahalli,65,166.0,29.0,36,19.1,1.0
2025-03-08,20:58:00,Hebbal,242,114.0,183.0,59,24.2,1.8
2025-04-26,18:21:00,Malleshwaram,167,122.0,141.0,26,15.0,2.0
2025-02-27,22:55:00,Yelahanka,231,94.0,172.0,59,6.4,1.5
2025-06-26,03:02:00,Jayanagar,318,135.0,312.0,6,11.3,1.0
2025-09-27,14:01:00,Koramangala,229,37.0,151.0,78,24.4,1.0
2025-07-18,02:53:00,Jayanagar,306,138.0,270.0,36,5.9,1.8
2025-03-26,13:46:00,Whitefield,29,38.0,0.0,29,6.9,1.0
2025-08-03,06:47:00,Malleshwaram,186,33.0,152.0,34,9.5,1.0
2025-01-01,17:51:00,Electronic City,89,125.0,40.0,49,14.3,2.0
2025-04-11,07:01:00,Jayanagar,182,178.0,139.0,43,9.0,1.8
2025-04-02,11:20:00,Electronic City,230,45.0,194.0,36,20.1,1.0
2025-06-28,20:37:00,HSR Layout,314,31.0,293.0,21,11.3,1.0
2025-04-16,18:31:00,Yelahanka,199,74.0,124.0,75,5.3,1.3
2025-02-08,16:46:00,Yelahanka,184,76.0,149.0,35,3.2,1.2
2025-01-19,04:57:00,Banashankari,36,159.0,0.0,36,8.9,1.0
2025-12-25,08:59:00,Koramangala,147,107.0,106.0,41,17.5,1.5
2025-04-28,08:26:00,Indiranagar,255,75.0,206.0,49,6.3,1.0
2025-05-12,21:59:00,Electronic City,138,72.0,75.0,63,12.7,1.0
2025-01-31,00:44:00,Rajajinagar,95,41.0,15.0,80,19.8,1.5
2025-11-25,10:18:00,Malleshwaram,267,180.0,231.0,36,11.3,2.0
2025-08-18,07:59:00,Electronic City,293,125.0,258.0,35,22.8,1.2
2025-05-09,06:42:00,Electronic City,345,37.0,270.0,75,16.4,1.0
2025-09-10,12:55:00,Hebbal,199,30.0,125.0,74,21.1,1.2
2025-12-15,14:24:00,Hebbal,325,102.0,312.0,13,15.7,2.0
2025-12-18,05:14:00,Rajajinagar,32,89.0,0.0,32,2.9,1.0
2025-07-19,16:02:00,Yelahanka,42,69.0,0.0,42,19.2,1.5
2025-03-03,15:19:00,Whitefield,108,54.0,82.0,26,4.9,1.8
2025-12-05,09:40:00,Marathahalli,63,160.0,31.0,32,24.8,2.0
2025-09-03,23:46:00,Marathahalli,70,66.0,8.0,62,3.9,1.0
2025-08-22,19:45:00,Koramangala,204,81.0,195.0,9,9.4,1.8
2025-02-07,12:45:00,Koramangala,222,91.0,142.0,80,8.9,1.0
2025-03-01,08:54:00,Electronic City,111,14.0,32.0,79,4.5,1.8
2025-10-17,23:16:00,Indiranagar,112,25.0,86.0,26,16.0,1.8
2025-01-07,07:07:00,Marathahalli,271,168.0,256.0,15,3.4,1.8
2025-06-02,01:06:00,Yelahanka,250,27.0,212.0,38,12.1,1.0
2025-12-13,18:36:00,Hebbal,64,13.0,0.0,64,2.7,1.2
2025-10-16,08:53:00,Jayanagar,51,48.0,0.0,51,15.2,1.3
2025-06-05,09:47:00,Malleshwaram,127,153.0,67.0,60,16.0,1.5
2025-01-27,09:49:00,Yelahanka,327,31.0,283.0,44,15.3,1.2
2025-01-24,20:14:00,Koramangala,108,35.0,61.0,47,8.3,1.8
2025-06-09,13:16:00,Jayanagar,269,177.0,250.0,19,13.3,2.0
2025-11-04,13:47:00,Rajajinagar,183,11.0,161.0,22,17.1,1.3
2025-06-26,14:40:00,BTM Layout,76,178.0,35.0,41,15.6,1.3
2025-12-11,22:18:00,MG Road,350,108.0,333.0,17,18.7,1.0
2025-04-13,03:18:00,Indiranagar,33,168.0,2.0,31,8.7,1.0
2025-01-02,14:35:00,Banashankari,64,174.0,22.0,42,16.4,2.0
2025-03-16,04:41:00,JP Nagar,39,125.0,0.0,39,18.0,1.0
2025-08-03,16:47:00,Rajajinagar,50,76.0,27.0,23,4.1,1.2
2025-07-15,01:19:00,Whitefield,260,122.0,227.0,33,10.0,1.2
2025-08-22,23:44:00,Jayanagar,329,51.0,270.0,59,12.5,1.8
2025-11-13,05:53:00,Koramangala,172,177.0,92.0,80,5.1,1.0
2025-10-03,18:12:00,Whitefield,23,176.0,10.0,13,16.5,1.2
2025-07-02,05:34:00,Yelahanka,47,112.0,8.0,39,16.6,1.5
2025-11-16,04:58:00,JP Nagar,245,64.0,235.0,10,6.6,1.5
2025-08-29,01:49:00,Jayanagar,344,163.0,265.0,79,3.6,1.2
2025-03-31,20:51:00,Banashankari,347,114.0,291.0,56,13.9,1.0
2025-10-09,21:57:00,Banashankari,213,65.0,157.0,56,3.8,2.0
2025-07-10,18:55:00,Banashankari,72,36.0,1.0,71,8.6,1.0
2025-01-03,01:17:00,Rajajinagar,293,100.0,263.0,30,23.9,1.5
2025-01-26,03:43:00,Indiranagar,233,177.0,206.0,27,8.5,1.0
2025-12-05,07:51:00,Rajajinagar,232,34.0,185.0,47,13.1,2.0
2025-03-18,18:43:00,Hebbal,331,33.0,259.0,72,19.9,1.2
2025-06-09,17:00:00,Rajajinagar,210,13.0,146.0,64,9.6,1.0
2025-04-22,20:57:00,JP Nagar,349,118.0,331.0,18,18.5,1.0
2025-03-31,06:37:00,JP Nagar,189,177.0,141.0,48,13.0,2.0
2025-01-28,21:55:00,MG Road,155,47.0,136.0,19,12.7,2.0
2025-07-29,12:21:00,Hebbal,74,171.0,50.0,24,15.5,1.3
2025-09-08,03:36:00,BTM Layout,241,122.0,190.0,51,-5.0,1.8
2025-12-05,09:40:00,Marathahalli,63,160.0,31.0,32,24.8,2.0
2025-02-21,09:43:00,JP Nagar,337,54.0,324.0,13,9.3,2.0
2025-11-08,22:27:00,Indiranagar,156,74.0,148.0,8,18.2,1.3
2025-12-15,14:24:00,Hebbal,325,102.0,312.0,13,15.7,2.0
2025-08-22,10:59:00,Jayanagar,116,103.0,81.0,35,7.4,1.8
2025-11-25,10:59:00,HSR Layout,76,173.0,59.0,17,3.5,1.0
2025-06-08,17:35:00,Marathahalli,223,69.0,149.0,74,2.8,1.2
2025-03-15,09:56:00,Jayanagar,239,95.0,234.0,5,7.5,1.8
2025-02-08,18:55:00,Yelahanka,111,95.0,46.0,65,7.0,1.3
2025-08-04,22:35:00,Electronic City,71,164.0,0.0,71,15.9,1.0
2025-08-15,20:54:00,Banashankari,278,145.0,219.0,59,12.3,1.0
2025-04-29,13:49:00,Indiranagar,342,168.0,314.0,28,17.1,1.8
2025-10-01,00:22:00,HSR Layout,260,125.0,197.0,63,15.2,1.5
2025-05-08,03:52:00,Marathahalli,33,137.0,5.0,28,10.9,1.0
2025-11-26,14:37:00,Indiranagar,89,17.0,25.0,64,8.0,1.5
2025-06-02,23:07:00,HSR Layout,211,147.0,205.0,6,5.3,1.0
2025-10-22,12:59:00,Yelahanka,264,81.0,259.0,5,19.3,1.8
2025-12-31,20:23:00,BTM Layout,49,131.0,22.0,27,12.1,1.2
2025-09-24,14:05:00,Rajajinagar,210,26.0,147.0,63,15.4,1.0
2025-11-28,08:46:00,Rajajinagar,115,91.0,109.0,6,20.2,1.2
2025-02-02,18:27:00,Marathahalli,349,141.0,305.0,44,24.2,2.0
2025-07-17,02:47:00,MG Road,211,86.0,178.0,33,23.4,1.5
2025-03-21,02:55:00,Whitefield,77,163.0,66.0,11,23.3,1.3
2025-04-17,21:00:00,MG Road,232,90.0,175.0,57,10.0,1.2
2025-01-15,20:57:00,Jayanagar,121,114.0,59.0,62,10.9,1.2
2025-10-04,19:16:00,HSR Layout,96,61.0,50.0,46,5.5,1.8
2025-05-25,14:56:00,Banashankari,215,174.0,160.0,55,2.7,1.0
2025-11-24,15:28:00,Rajajinagar,161,175.0,102.0,59,19.7,1.5
2025-09-14,11:48:00,Hebbal,47,64.0,30.0,17,21.3,1.5
2025-04-30,02:51:00,Hebbal,165,70.0,91.0,74,6.3,1.0
2025-04-17,15:25:00,Electronic City,177,35.0,113.0,64,4.1,1.3
2025-07-23,06:46:00,Rajajinagar,58,165.0,0.0,58,7.6,1.3
2025-06-21,04:20:00,MG Road,36,76.0,0.0,36,5.1,2.0
2025-12-12,18:12:00,BTM Layout,214,129.0,169.0,45,22.1,1.0
2025-05-07,23:13:00,HSR Layout,325,119.0,310.0,15,14.1,1.5
2025-07-29,23:47:00,Electronic City,303,174.0,229.0,74,8.5,1.2
2025-10-01,07:30:00,Malleshwaram,89,144.0,34.0,55,8.8,1.0
2025-12-11,03:35:00,HSR Layout,222,173.0,161.0,61,17.6,1.0
2025-05-13,14:17:00,Rajajinagar,227,14.0,,54,15.4,1.2
2025-09-23,18:21:00,HSR Layout,222,104.0,212.0,10,13.9,1.0
2025-02-06,02:02:00,Jayanagar,104,150.0,60.0,44,23.2,2.0
2025-07-01,12:57:00,HSR Layout,237,63.0,205.0,32,11.4,1.5
2025-06-01,05:12:00,Whitefield,120,102.0,73.0,47,15.1,1.2
2025-03-15,13:28:00,Koramangala,225,48.0,145.0,80,3.5,1.2
2025-06-28,16:15:00,Rajajinagar,69,120.0,8.0,61,9.3,1.3
2025-10-08,15:11:00,Indiranagar,89,156.0,15.0,74,15.7,1.8
2025-12-10,04:10:00,Banashankari,230,175.0,180.0,50,23.6,1.8
2025-07-10,23:25:00,Jayanagar,342,155.0,327.0,15,8.0,1.0
2025-01-09,04:14:00,Marathahalli,100,5.0,39.0,61,24.8,1.8
2025-07-24,15:34:00,Rajajinagar,159,127.0,105.0,54,20.4,1.0
2025-08-27,15:04:00,HSR Layout,246,126.0,214.0,32,20.3,1.0
2025-05-15,08:53:00,Jayanagar,248,78.0,216.0,32,18.0,2.0
2025-09-22,15:24:00,  Koramangala  ,81,21.0,45.0,36,9.8,1.2
2025-11-15,17:00:00,Malleshwaram,340,18.0,279.0,61,6.7,1.0
2025-09-14,04:05:00,Electronic City,215,110.0,143.0,72,3.2,1.0
2025-08-31,00:19:00,Marathahalli,110,39.0,52.0,58,24.9,1.5
2025-05-01,17:06:00,BTM Layout,161,70.0,149.0,12,22.2,1.0
2025-01-18,04:18:00,Malleshwaram,54,170.0,19.0,35,10.4,1.8
2025-11-30,07:11:00,Jayanagar,312,168.0,254.0,58,2.7,1.3
2025-04-28,07:12:00,Electronic City,310,16.0,245.0,65,23.3,1.3
2025-11-30,20:17:00,Yelahanka,89,159.0,46.0,43,23.8,1.2
2025-01-02,09:39:00,Jayanagar,172,173.0,92.0,80,13.3,1.0
2025-06-21,00:02:00,Koramangala,212,57.0,168.0,44,14.2,1.2
2025-05-14,22:21:00,Rajajinagar,180,178.0,174.0,6,14.1,1.2
2025-03-09,00:30:00,Jayanagar,203,87.0,168.0,35,2.4,1.3
2025-02-03,20:09:00,MG Road,212,109.0,196.0,16,16.7,1.3
2025-12-29,10:50:00,Indiranagar,289,138.0,256.0,33,3.6,1.0
2025-04-23,15:19:00,Malleshwaram,321,6.0,281.0,40,19.5,1.0
2025-03-21,03:36:00,Marathahalli,104,85.0,42.0,62,11.3,1.5
2025-05-15,19:45:00,Indiranagar,298,101.0,221.0,77,17.0,1.5
2025-01-18,01:17:00,Rajajinagar,310,99.0,244.0,66,4.6,2.0
2025-03-31,13:53:00,HSR Layout,279,23.0,261.0,18,13.6,1.5
2025-03-12,06:50:00,Jayanagar,195,122.0,138.0,57,5.3,1.0
2025-10-05,01:26:00,Jayanagar,266,85.0,214.0,52,13.3,1.3
2025-09-26,23:19:00,Indiranagar,274,161.0,199.0,75,8.5,1.8
2025-11-14,05:16:00,Malleshwaram,141,50.0,116.0,25,22.3,1.0
2025-01-17,22:32:00,Whitefield,234,57.0,227.0,7,3.5,1.0
2025-09-26,02:50:00,Jayanagar,73,44.0,35.0,38,3.9,1.8
2025-03-03,00:25:00,Indiranagar,90,132.0,84.0,6,23.9,1.3
2025-11-06,05:57:00,BTM Layout,322,119.0,298.0,24,10.5,1.0
2025-01-04,10:15:00,Banashankari,133,85.0,101.0,32,2.5,1.3
2025-01-16,13:48:00,Rajajinagar,251,145.0,175.0,76,7.7,2.0
2025-08-02,19:01:00,Hebbal,291,67.0,269.0,22,7.9,1.5
2025-05-10,04:31:00,Electronic City,335,70.0,295.0,40,2.3,1.0
2025-10-26,19:33:00,BTM Layout,25,97.0,0.0,25,17.9,1.0
2025-12-08,04:02:00,Indiranagar,258,108.0,214.0,44,17.8,1.3
2025-07-31,10:15:00,HSR Layout,160,156.0,148.0,12,22.2,1.0
2025-06-09,04:24:00,HSR Layout,72,155.0,18.0,54,9.0,1.0
2025-03-17,19:20:00,Malleshwaram,321,30.0,242.0,79,23.3,1.0
2025-08-11,23:26:00,JP Nagar,88,130.0,40.0,48,10.3,1.2
2025-06-23,06:50:00,Koramangala,324,64.0,268.0,56,21.3,2.0
2025-08-21,15:49:00,Indiranagar,90,99.0,34.0,56,16.4,1.0
2025-09-16,15:58:00,Malleshwaram,159,33.0,130.0,29,9.6,2.0
2025-06-23,23:31:00,JP Nagar,77,15.0,11.0,66,5.2,1.0
2025-02-25,05:37:00,Rajajinagar,161,42.0,142.0,19,13.4,1.2
2025-05-08,06:32:00,Marathahalli,117,40.0,44.0,73,11.7,1.3
2025-09-23,00:31:00,HSR Layout,55,77.0,39.0,16,18.7,1.5
2025-12-20,04:00:00,Yelahanka,347,162.0,305.0,42,7.1,1.0
2025-11-18,10:16:00,MG Road,198,147.0,140.0,58,7.4,1.0
2025-02-21,09:12:00,Hebbal,140,102.0,64.0,76,6.5,1.0
2025-01-04,08:54:00,Marathahalli,216,73.0,181.0,35,23.9,1.3
2025-05-31,02:07:00,MG Road,209,5.0,134.0,75,18.2,1.5
2025-07-28,22:17:00,BTM Layout,263,56.0,197.0,66,19.4,1.3
2025-06-17,20:55:00,Hebbal,183,162.0,158.0,25,19.0,1.3
2025-08-08,09:31:00,Indiranagar,304,46.0,266.0,38,15.4,1.3
2025-11-23,13:27:00,Jayanagar,58,20.0,0.0,58,12.0,1.0
2025-09-17,02:31:00,Marathahalli,178,14.0,114.0,64,3.3,1.3
2025-03-05,15:59:00,Electronic City,175,133.0,119.0,56,14.4,2.0
2025-12-20,03:48:00,Malleshwaram,59,128.0,52.0,7,19.4,1.0
2025-07-27,12:56:00,Marathahalli,213,19.0,138.0,75,16.6,1.0
2025-02-12,21:51:00,Jayanagar,294,44.0,221.0,73,8.4,1.3
2025-08-18,19:00:00,Hebbal,304,31.0,234.0,70,2.6,1.5
2025-09-24,15:38:00,HSR Layout,26,112.0,0.0,26,4.6,1.0
2025-03-24,06:48:00,Banashankari,329,69.0,307.0,22,3.2,2.0
2025-09-17,09:46:00,Malleshwaram,341,111.0,272.0,69,11.7,1.8
2025-10-15,23:45:00,Koramangala,159,162.0,137.0,22,19.0,1.2
2025-05-27,14:26:00,Indiranagar,304,53.0,237.0,67,8.8,1.0
2025-10-21,18:19:00,Yelahanka,96,138.0,70.0,26,12.2,1.2
2025-09-01,15:21:00,Banashankari,152,168.0,116.0,36,8.4,2.0
2025-05-13,05:33:00,Indiranagar,317,86.0,305.0,12,12.6,1.0
2025-10-23,17:00:00,Electronic City,141,110.0,72.0,69,23.3,1.5
2025-02-10,20:47:00,JP Nagar,39,107.0,0.0,39,16.1,1.3
2025-11-19,18:33:00,Malleshwaram,29,96.0,0.0,29,13.0,2.0
2025-09-15,21:52:00,Jayanagar,106,44.0,26.0,80,5.9,1.5
2025-03-24,11:15:00,Electronic City,230,174.0,162.0,68,23.7,1.0
2025-05-21,07:08:00,Malleshwaram,106,45.0,28.0,78,13.3,1.0
2025-07-27,23:36:00,BTM Layout,144,153.0,100.0,44,10.5,1.5
2025-12-20,05:34:00,Banashankari,50,70.0,18.0,32,13.0,1.0
2025-06-11,16:32:00,Koramangala,325,52.0,252.0,73,6.6,2.0
2025-02-01,07:03:00,JP Nagar,235,154.0,181.0,54,23.8,1.0
2025-12-08,12:19:00,Rajajinagar,223,114.0,200.0,23,10.5,1.5
2025-06-12,15:27:00,Koramangala,159,56.0,125.0,34,5.1,1.0
2025-03-08,20:18:00,HSR Layout,63,101.0,19.0,44,16.8,1.5
2025-08-02,06:07:00,MG Road,271,35.0,235.0,36,19.6,2.0
2025-02-16,21:54:00,Indiranagar,298,99.0,244.0,54,22.4,1.5
2025-04-11,15:37:00,BTM Layout,78,130.0,40.0,38,14.1,1.5
2025-06-15,08:22:00,JP Nagar,64,120.0,24.0,40,7.6,2.0
2025-02-17,08:04:00,Marathahalli,105,128.0,48.0,57,6.9,1.8
2025-06-12,16:22:00,JP Nagar,198,75.0,122.0,76,8.6,1.8
2025-08-19,16:44:00,HSR Layout,136,101.0,86.0,50,11.9,1.8
2025-02-16,20:37:00,JP Nagar,336,135.0,293.0,43,14.9,2.0
2025-07-11,04:39:00,BTM Layout,254,96.0,225.0,29,24.4,1.2
2025-06-08,07:49:00,Marathahalli,146,165.0,105.0,41,4.9,1.0
2025-05-10,02:47:00,Rajajinagar,260,143.0,253.0,7,3.2,1.5
2025-10-06,00:11:00,Whitefield,331,60.0,263.0,68,15.5,2.0
2025-12-17,21:59:00,Whitefield,258,62.0,193.0,65,5.3,1.3
2025-11-08,22:27:00,Indiranagar,156,74.0,148.0,8,18.2,1.3
2025-02-03,20:09:00,MG Road,212,109.0,196.0,16,16.7,1.3
2025-04-16,17:40:00,Whitefield,330,105.0,260.0,70,8.8,1.0
2025-08-19,11:55:00,MG Road,33,106.0,0.0,33,13.5,1.2
2025-02-03,11:15:00,BTM Layout,68,103.0,0.0,68,8.5,1.0
2025-04-08,11:36:00,Electronic City,267,88.0,195.0,72,5.3,1.0
2025-04-29,04:07:00,Koramangala,118,142.0,73.0,45,23.9,1.0
2025-09-05,03:38:00,Jayanagar,141,96.0,88.0,53,15.2,1.3
2025-11-24,03:48:00,Whitefield,32,62.0,0.0,32,5.2,1.0
2025-08-04,12:02:00,Indiranagar,170,14.0,128.0,42,18.0,1.3
2025-12-05,02:46:00,Indiranagar,100,146.0,65.0,35,3.7,1.0
2025-05-27,23:19:00,Banashankari,148,20.0,125.0,23,17.9,1.3
2025-02-26,23:44:00,Electronic City,114,124.0,77.0,37,17.2,1.0
2025-11-12,04:45:00,Malleshwaram,125,20.0,94.0,31,15.1,1.3
2025-04-07,02:22:00,Indiranagar,263,8.0,211.0,52,25.0,2.0
2025-04-30,17:14:00,HSR Layout,328,55.0,320.0,8,18.5,1.8
2025-08-22,05:40:00,Rajajinagar,336,142.0,311.0,25,8.6,1.0
2025-09-25,12:59:00,Electronic City,250,155.0,189.0,61,24.8,1.3
2025-02-18,20:26:00,Yelahanka,105,85.0,31.0,74,21.0,1.3
2025-02-22,00:25:00,Marathahalli,313,127.0,272.0,41,12.1,1.0
2025-01-21,23:17:00,JP Nagar,184,34.0,131.0,53,10.9,1.3
2025-03-29,07:29:00,Malleshwaram,230,154.0,207.0,23,20.9,1.0
2025-01-08,11:43:00,Marathahalli,76,125.0,32.0,44,2.5,1.2
2025-08-31,03:56:00,Marathahalli,177,130.0,122.0,55,22.6,1.3
2025-06-29,14:39:00,Whitefield,181,75.0,159.0,22,16.8,1.2
2025-03-15,13:28:00,Koramangala,225,48.0,145.0,80,3.5,1.2
2025-03-21,22:24:00,Banashankari,266,32.0,233.0,33,10.1,1.5
2025-05-05,23:56:00,Indiranagar,86,166.0,80.0,6,3.1,1.3
2025-03-28,04:44:00,Electronic City,157,131.0,114.0,43,5.4,1.0
2025-07-06,13:04:00,JP Nagar,96,14.0,69.0,27,14.7,1.8
2025-04-15,18:28:00,Banashankari,36,120.0,0.0,36,4.4,1.2
2025-01-23,02:15:00,Malleshwaram,174,29.0,168.0,6,20.0,1.2
2025-07-02,13:31:00,BTM Layout,282,81.0,271.0,11,8.0,1.0
2025-12-18,05:57:00,Rajajinagar,254,137.0,234.0,20,12.6,1.0
2025-06-24,20:42:00,Banashankari,93,86.0,48.0,45,18.9,1.5
2025-11-09,07:56:00,MG Road,168,35.0,139.0,29,2.6,1.0
2025-02-10,17:27:00,HSR Layout,124,88.0,100.0,24,11.0,1.0
2025-04-25,22:11:00,Malleshwaram,55,12.0,45.0,10,23.8,1.2
2025-04-25,10:59:00,JP Nagar,147,86.0,89.0,58,8.2,1.0
2025-05-04,08:37:00,Malleshwaram,98,101.0,39.0,59,3.7,2.0
2025-10-28,22:18:00,Electronic City,59,101.0,0.0,59,24.4,1.2
2025-04-30,08:44:00,Jayanagar,173,107.0,157.0,16,15.1,1.2
2025-08-26,22:03:00,Rajajinagar,251,133.0,235.0,16,4.6,1.0
2025-11-21,03:10:00,Rajajinagar,226,76.0,156.0,70,18.0,1.5
2025-03-10,03:24:00,Malleshwaram,343,45.0,290.0,53,2.4,2.0
2025-09-27,12:51:00,Marathahalli,180,141.0,153.0,27,9.9,1.5
2025-08-27,19:22:00,Banashankari,87,124.0,71.0,16,4.2,1.3
2025-09-26,10:52:00,Indiranagar,233,81.0,176.0,57,10.7,2.0
2025-12-24,20:54:00,Malleshwaram,297,58.0,219.0,78,20.1,1.0
2025-08-24,18:18:00,Koramangala,83,146.0,30.0,53,8.7,1.5
2025-08-09,04:03:00,Yelahanka,216,101.0,154.0,62,12.2,1.0
2025-07-14,15:54:00,Electronic City,293,71.0,243.0,50,10.3,2.0
2025-07-22,01:11:00,JP Nagar,277,137.0,199.0,78,20.4,1.0
2025-08-20,04:33:00,Jayanagar,90,136.0,33.0,57,8.9,1.5
2025-11-01,21:55:00,Rajajinagar,173,152.0,164.0,9,10.8,1.0
2025-02-20,06:44:00,Yelahanka,317,96.0,250.0,67,4.9,1.2
2025-08-01,04:45:00,Indiranagar,320,58.0,304.0,16,9.0,1.5
2025-05-26,08:35:00,MG Road,118,163.0,109.0,9,4.1,1.2
2025-12-20,04:00:00,Yelahanka,347,162.0,305.0,42,7.1,1.0
2025-02-17,21:39:00,,236,5.0,196.0,40,9.7,1.0
2025-02-11,00:13:00,JP Nagar,23,27.0,0.0,23,18.3,1.3
2025-04-28,15:14:00,Whitefield,102,135.0,85.0,17,11.2,1.5
2025-12-04,17:47:00,BTM Layout,174,12.0,111.0,63,3.4,2.0
2025-04-16,09:30:00,Koramangala,52,142.0,0.0,52,6.3,1.5
2025-04-06,15:12:00,Marathahalli,42,124.0,4.0,38,8.1,1.3
2025-10-29,18:39:00,Malleshwaram,328,54.0,298.0,30,8.8,1.0
2025-01-12,03:04:00,Marathahalli,221,66.0,152.0,69,6.9,1.5
2025-11-17,23:10:00,Marathahalli,238,17.0,162.0,76,24.4,1.8
2025-07-08,23:09:00,Marathahalli,312,77.0,251.0,61,19.9,1.8
2025-12-29,23:38:00,Whitefield,98,34.0,73.0,25,2.9,1.5
2025-08-04,11:18:00,Jayanagar,210,80.0,172.0,38,12.7,1.0
2025-10-23,17:50:00,MG Road,80,101.0,9.0,71,17.1,1.5
2025-10-18,02:41:00,Banashankari,63,22.0,0.0,63,24.5,1.0
2025-12-31,13:03:00,Hebbal,227,144.0,174.0,53,6.9,1.0
2025-04-25,00:48:00,Yelahanka,118,76.0,62.0,56,21.9,1.3
2025-04-19,05:07:00,Yelahanka,115,159.0,90.0,25,18.5,1.0
2025-02-21,06:37:00,Yelahanka,171,50.0,137.0,34,9.0,1.0
2025-10-22,04:19:00,Yelahanka,245,52.0,207.0,38,6.7,1.0
2025-10-01,00:45:00,Electronic City,115,73.0,97.0,18,4.9,2.0
2025-05-22,06:28:00,Koramangala,82,174.0,19.0,63,6.9,1.0
2025-09-22,23:05:00,Rajajinagar,87,14.0,56.0,31,12.6,1.0
2025-10-12,05:41:00,Indiranagar,270,52.0,229.0,41,9.2,2.0
2025-01-20,05:52:00,Indiranagar,161,163.0,105.0,56,16.0,1.8
2025-03-19,23:53:00,Jayanagar,188,5.0,133.0,55,13.9,2.0
2025-12-02,00:17:00,BTM Layout,54,74.0,0.0,54,17.2,1.5
2025-09-14,06:05:00,Banashankari,279,165.0,261.0,18,8.9,1.2
2025-03-21,22:24:00,Banashankari,266,32.0,233.0,33,10.1,1.5
2025-10-18,02:41:00,Banashankari,63,22.0,0.0,63,24.5,1.0
2025-04-23,19:39:00,JP Nagar,218,49.0,168.0,50,6.1,1.5
2025-07-15,04:57:00,Whitefield,47,73.0,35.0,12,19.3,1.0
2025-05-27,23:19:00,Banashankari,148,20.0,125.0,23,17.9,1.3
2025-04-28,15:14:00,Whitefield,102,135.0,85.0,17,11.2,1.5
2025-10-24,11:52:00,Banashankari,200,133.0,175.0,25,20.0,1.2
2025-11-01,22:22:00,Indiranagar,32,94.0,0.0,32,16.2,2.0
2025-11-02,07:28:00,MG Road,35,125.0,0.0,35,14.2,1.2
2025-07-15,00:25:00,Hebbal,82,118.0,46.0,36,7.7,1.0
2025-04-15,14:06:00,Marathahalli,302,50.0,226.0,76,10.5,2.0
2025-07-22,11:20:00,Malleshwaram,337,89.0,284.0,53,12.1,1.8
2025-12-08,04:02:00,Indiranagar,258,108.0,214.0,44,17.8,1.3
2025-11-16,00:55:00,Koramangala,166,37.0,99.0,67,13.6,1.3
2025-12-06,11:19:00,Electronic City,189,60.0,138.0,51,23.9,2.0
2025-07-08,15:50:00,BTM Layout,278,36.0,223.0,55,17.7,1.2
2025-08-14,01:08:00,Rajajinagar,316,38.0,265.0,51,4.1,1.3
2025-01-03,01:17:00,Rajajinagar,293,100.0,263.0,30,23.9,1.5
2025-10-14,06:45:00,BTM Layout,269,151.0,214.0,55,6.5,1.2
2025-02-15,15:04:00,Hebbal,177,71.0,126.0,51,5.6,1.0
2025-01-17,11:16:00,Whitefield,56,76.0,0.0,56,17.4,1.2
2025-03-27,12:41:00,Rajajinagar,84,35.0,45.0,39,19.7,1.0
2025-08-22,10:59:00,Jayanagar,116,103.0,81.0,35,7.4,1.8
2025-08-09,04:21:00,Yelahanka,41,15.0,0.0,41,22.7,1.2
2025-10-23,20:24:00,Electronic City,184,41.0,149.0,35,24.7,1.2
2025-04-14,00:07:00,MG Road,338,122.0,301.0,37,13.4,2.0
2025-12-17,16:11:00,Indiranagar,274,176.0,247.0,27,23.2,1.0
2025-06-26,00:40:00,Yelahanka,230,178.0,210.0,20,24.2,1.2
2025-05-15,19:45:00,Indiranagar,298,101.0,221.0,77,17.0,1.5
2025-08-16,02:37:00,HSR Layout,313,98.0,291.0,22,11.2,1.3
2025-08-14,11:59:00,JP Nagar,129,110.0,105.0,24,16.2,2.0
2025-01-27,05:18:00,BTM Layout,100,25.0,89.0,11,8.3,1.8
2025-08-08,05:45:00,Whitefield,22,61.0,0.0,22,18.4,1.8
2025-05-08,04:02:00,Jayanagar,305,157.0,247.0,58,20.2,1.2
2025-06-07,00:50:00,Marathahalli,225,96.0,192.0,33,4.1,1.0
2025-02-13,04:57:00,Banashankari,324,131.0,300.0,24,19.3,1.8
2025-07-01,12:57:00,HSR Layout,237,63.0,205.0,32,11.4,1.5
2025-10-31,11:28:00,HSR Layout,279,130.0,209.0,70,18.3,1.3
2025-11-18,02:24:00,HSR Layout,217,13.0,170.0,47,8.8,1.3
2025-06-26,05:34:00,Electronic City,152,12.0,136.0,16,10.9,1.0
2025-08-29,18:09:00,Marathahalli,292,163.0,250.0,42,10.5,1.0
2025-04-08,09:56:00,JP Nagar,245,82.0,190.0,55,19.8,1.3
2025-06-26,19:18:00,Hebbal,277,74.0,231.0,46,6.1,1.5
2025-01-30,08:30:00,MG Road,36,97.0,0.0,36,18.2,1.3
2025-03-25,10:37:00,MG Road,75,84.0,0.0,75,15.2,1.8
2025-01-09,01:15:00,Yelahanka,193,15.0,181.0,12,11.3,1.2
2025-03-25,15:24:00,Electronic City,57,10.0,48.0,9,9.3,1.0
2025-07-19,16:02:00,Yelahanka,42,69.0,0.0,42,19.2,1.5
2025-11-11,06:52:00,Rajajinagar,86,50.0,38.0,48,23.1,1.5
2025-02-14,23:16:00,Rajajinagar,183,21.0,134.0,49,14.6,1.3
2025-06-03,17:18:00,Yelahanka,178,108.0,121.0,57,18.0,1.0
2025-08-13,21:13:00,Yelahanka,157,92.0,141.0,16,6.2,1.8
2025-12-10,04:00:00,Indiranagar,159,75.0,135.0,24,4.6,1.0
2025-02-14,09:25:00,BTM Layout,224,106.0,174.0,50,11.3,1.2
2025-07-07,23:49:00,Marathahalli,321,177.0,293.0,28,24.0,1.0
2025-10-01,01:16:00,JP Nagar,109,50.0,51.0,58,23.5,1.0
2025-05-03,21:11:00,Indiranagar,144,128.0,69.0,75,10.8,1.5
2025-09-14,04:44:00,Whitefield,245,24.0,219.0,26,13.8,1.3
2025-05-21,01:33:00,Electronic City,47,37.0,0.0,47,16.7,2.0
2025-04-01,21:26:00,Malleshwaram,272,149.0,208.0,64,19.5,2.0
2025-03-29,02:03:00,Malleshwaram,165,163.0,135.0,30,8.2,2.0
2025-03-13,18:23:00,Rajajinagar,120,165.0,82.0,38,3.8,1.0
2025-09-01,04:44:00,Hebbal,116,97.0,40.0,76,21.3,1.0
2025-04-06,22:40:00,Yelahanka,63,22.0,0.0,63,23.9,1.0
2025-10-03,07:13:00,HSR Layout,124,71.0,50.0,74,14.6,1.0
2025-10-27,10:22:00,Rajajinagar,272,123.0,196.0,76,7.2,1.0
2025-05-29,22:06:00,HSR Layout,123,15.0,96.0,27,24.3,1.2
2025-08-14,11:59:00,JP Nagar,129,110.0,105.0,24,16.2,2.0
2025-04-17,23:41:00,Malleshwaram,322,116.0,262.0,60,15.0,1.5
2025-01-05,07:56:00,MG Road,66,131.0,42.0,24,7.0,1.8
2025-11-21,03:25:00,Rajajinagar,247,81.0,221.0,26,22.8,1.0
2025-01-27,04:19:00,Koramangala,235,21.0,163.0,72,13.0,1.5
2025-07-25,22:50:00,Indiranagar,68,127.0,40.0,28,9.4,1.2
2025-10-29,17:13:00,Yelahanka,106,171.0,86.0,20,20.2,1.8
2025-06-18,17:59:00,Whitefield,231,58.0,159.0,72,16.1,1.0
2025-10-04,04:30:00,Marathahalli,312,67.0,234.0,78,20.0,1.8
2025-02-09,11:04:00,Marathahalli,267,152.0,240.0,27,20.8,1.0
2025-03-26,05:31:00,Yelahanka,185,137.0,152.0,33,22.6,1.0
2025-05-03,16:53:00,Whitefield,217,132.0,198.0,19,16.7,1.0
2025-06-21,19:18:00,Banashankari,96,42.0,71.0,25,6.1,1.0
2025-02-20,06:44:00,Yelahanka,317,96.0,250.0,67,4.9,1.2
2025-09-07,22:27:00,Koramangala,243,40.0,221.0,22,16.8,1.8
2025-03-15,06:47:00,Hebbal,328,133.0,258.0,70,2.9,1.0
2025-04-21,15:09:00,Electronic City,232,46.0,171.0,61,20.5,1.8
2025-02-04,05:09:00,HSR Layout,24,121.0,0.0,24,10.6,2.0
2025-10-31,11:28:00,HSR Layout,279,130.0,209.0,70,18.3,1.3
2025-02-10,23:19:00,Banashankari,242,165.0,212.0,30,5.4,1.3
2025-12-05,17:44:00,Whitefield,272,80.0,208.0,64,17.2,2.0
2025-12-09,10:43:00,Hebbal,142,38.0,104.0,38,17.4,1.3
2025-01-26,11:23:00,Malleshwaram,144,149.0,123.0,21,6.7,1.2
2025-09-13,00:08:00,HSR Layout,291,115.0,280.0,11,21.3,2.0
2025-12-01,22:46:00,BTM Layout,287,142.0,224.0,63,5.4,1.2
2025-06-08,23:50:00,MG Road,243,67.0,208.0,35,4.0,1.8
2025-08-19,15:54:00,Indiranagar,284,146.0,235.0,49,16.7,1.0
2025-03-16,04:41:00,JP Nagar,39,125.0,0.0,39,18.0,1.0
2025-05-03,18:25:00,Rajajinagar,78,153.0,12.0,66,22.0,1.2
2025-10-02,23:27:00,JP Nagar,263,65.0,185.0,78,13.0,1.0
2025-05-05,02:26:00,Yelahanka,156,180.0,96.0,60,23.3,1.0
2025-03-05,15:54:00,Indiranagar,76,131.0,5.0,71,19.5,1.3
2025-02-03,05:05:00,Yelahanka,163,101.0,155.0,8,16.4,1.0
2025-06-26,00:50:00,Electronic City,267,111.0,249.0,18,23.2,1.0
2025-09-09,06:14:00,Hebbal,281,61.0,241.0,40,19.3,1.0
2025-05-01,22:57:00,Malleshwaram,178,55.0,145.0,33,5.4,1.0
2025-12-24,12:14:00,Rajajinagar,322,95.0,314.0,8,23.8,1.0
2025-09-21,04:47:00,Indiranagar,248,149.0,223.0,25,23.8,1.0
2025-01-27,09:09:00,Banashankari,213,23.0,203.0,10,6.3,1.2
2025-01-07,14:02:00,Koramangala,70,180.0,0.0,70,12.3,1.2
2025-04-13,04:11:00,Marathahalli,89,49.0,75.0,14,22.7,2.0
2025-06-01,22:14:00,HSR Layout,118,26.0,72.0,46,23.8,1.0
2025-12-27,13:59:00,MG Road,171,145.0,146.0,25,13.4,1.2
2025-03-13,01:32:00,Marathahalli,39,34.0,0.0,39,4.2,1.0
2025-10-11,20:30:00,Malleshwaram,327,11.0,286.0,41,21.5,1.3
2025-03-31,04:24:00,Rajajinagar,214,63.0,141.0,73,13.5,1.5
2025-07-08,05:22:00,JP Nagar,150,151.0,132.0,18,17.5,1.0
2025-10-27,04:05:00,MG Road,222,15.0,186.0,36,15.4,2.0
2025-11-12,16:43:00,JP Nagar,186,68.0,123.0,63,11.8,1.0
2025-08-03,10:30:00,Electronic City,178,165.0,116.0,62,6.2,1.0
2025-01-27,19:55:00,HSR Layout,265,166.0,239.0,26,18.6,1.8
2025-09-21,00:02:00,Hebbal,297,18.0,233.0,64,6.3,1.5
2025-03-08,20:58:00,HSR Layout,308,166.0,240.0,68,13.4,1.0
2025-12-26,15:29:00,JP Nagar,56,72.0,22.0,34,20.1,1.2
2025-03-08,14:46:00,Banashankari,277,36.0,265.0,12,13.9,1.3
2025-11-07,14:49:00,Koramangala,100,89.0,89.0,11,6.7,1.2
2025-08-06,03:55:00,BTM Layout,298,43.0,265.0,33,22.9,1.0
2025-10-02,14:27:00,Jayanagar,309,75.0,258.0,51,24.8,1.8
2025-09-29,17:24:00,Yelahanka,119,170.0,70.0,49,20.7,1.2
2025-07-23,12:25:00,BTM Layout,277,66.0,271.0,6,21.5,1.0
2025-07-13,19:13:00,Malleshwaram,267,91.0,231.0,36,24.1,2.0
2025-02-02,03:47:00,MG Road,275,166.0,202.0,73,13.9,1.2
2025-06-27,15:05:00,Whitefield,151,56.0,85.0,66,21.0,1.3
2025-04-09,07:43:00,Koramangala,90,80.0,66.0,24,21.4,1.0
2025-11-27,12:25:00,Hebbal,165,69.0,134.0,31,9.7,2.0
2025-07-11,13:03:00,Hebbal,249,,196.0,53,17.7,1.0
2025-01-27,09:09:00,Banashankari,213,23.0,203.0,10,6.3,1.2
2025-02-28,15:45:00,Marathahalli,80,79.0,56.0,24,13.7,1.3
2025-01-23,03:55:00,BTM Layout,31,32.0,0.0,31,17.6,1.0
2025-09-24,11:31:00,HSR Layout,112,7.0,67.0,45,17.5,1.0
2025-09-21,03:57:00,Rajajinagar,56,118.0,21.0,35,15.6,1.5
2025-12-02,04:19:00,Indiranagar,87,87.0,51.0,36,21.1,1.8
2025-08-25,14:07:00,Electronic City,48,149.0,0.0,48,18.7,1.5
2025-10-28,04:55:00,Electronic City,223,46.0,209.0,14,15.0,1.8
2025-06-02,23:21:00,Koramangala,75,91.0,9.0,66,24.7,1.5
2025-01-17,23:33:00,Marathahalli,209,118.0,177.0,32,23.9,1.5
2025-04-07,15:37:00,Hebbal,64,50.0,49.0,15,8.6,1.0
2025-04-06,18:43:00,Electronic City,154,125.0,119.0,35,24.0,1.5
2025-05-04,07:41:00,Malleshwaram,173,123.0,150.0,23,23.0,1.8
2025-08-21,16:39:00,MG Road,187,28.0,108.0,79,18.8,2.0
2025-09-07,22:27:00,Koramangala,243,40.0,221.0,22,16.8,1.8
2025-03-31,01:20:00,Malleshwaram,168,178.0,117.0,51,9.2,1.0
2025-08-17,20:34:00,Rajajinagar,238,118.0,212.0,26,10.1,1.0
2025-06-26,00:50:00,Electronic City,267,111.0,249.0,18,23.2,1.0
2025-07-15,23:09:00,BTM Layout,181,15.0,109.0,72,4.2,1.5
2025-03-21,03:36:00,Marathahalli,104,85.0,42.0,62,11.3,1.5
2025-01-17,11:16:00,Whitefield,56,76.0,0.0,56,17.4,1.2
2025-04-14,23:30:00,Indiranagar,87,75.0,44.0,43,4.1,1.5
2025-10-23,19:39:00,Malleshwaram,295,77.0,268.0,27,10.2,2.0
2025-07-21,05:21:00,BTM Layout,29,95.0,0.0,29,10.2,1.3
2025-06-06,16:37:00,Indiranagar,302,170.0,284.0,18,16.0,1.3
2025-08-02,23:40:00,Whitefield,263,41.0,242.0,21,16.7,2.0
2025-06-23,15:28:00,Rajajinagar,224,29.0,166.0,58,9.2,1.5
2025-09-06,14:56:00,HSR Layout,306,130.0,264.0,42,6.4,1.0
2025-08-21,13:59:00,Jayanagar,246,158.0,231.0,15,2.2,1.3
2025-01-07,23:00:00,Jayanagar,127,30.0,74.0,53,9.5,1.3
2025-06-30,20:59:00,BTM Layout,242,19.0,202.0,40,3.7,1.8
2025-08-13,09:56:00,BTM Layout,55,132.0,0.0,55,5.2,1.3
2025-01-12,02:12:00,Malleshwaram,121,37.0,60.0,61,4.1,1.5
2025-07-01,21:37:00,HSR Layout,169,100.0,94.0,75,18.1,1.0
2025-01-19,22:02:00,Indiranagar,89,165.0,23.0,66,12.6,1.5
2025-03-07,19:34:00,Indiranagar,323,166.0,298.0,25,13.8,1.0
2025-01-11,21:12:00,Indiranagar,98,126.0,63.0,35,17.4,1.2
2025-04-08,04:46:00,MG Road,38,156.0,9.0,29,7.5,1.8
2025-09-08,04:51:00,BTM Layout,315,111.0,276.0,39,10.6,1.0
2025-02-24,14:30:00,Malleshwaram,132,137.0,105.0,27,12.7,1.2
2025-02-05,04:50:00,Koramangala,344,140.0,336.0,8,6.9,1.8
2025-11-10,07:32:00,Koramangala,347,132.0,270.0,77,5.2,1.0
2025-09-18,16:50:00,Banashankari,66,33.0,55.0,11,5.5,1.0
2025-08-08,22:22:00,MG Road,66,59.0,49.0,-3,13.0,1.0
2025-02-22,03:09:00,Yelahanka,214,93.0,197.0,17,15.9,1.0
2025-05-28,14:57:00,MG Road,268,166.0,248.0,20,16.0,1.2
2025-10-01,20:28:00,JP Nagar,246,85.0,196.0,50,14.7,1.5
2025-01-30,17:20:00,Koramangala,61,157.0,33.0,28,3.6,1.2
2025-08-03,22:26:00,HSR Layout,318,85.0,241.0,77,23.5,1.2
2025-01-17,09:47:00,Malleshwaram,229,39.0,201.0,28,19.6,1.8
2025-11-23,08:56:00,HSR Layout,102,114.0,41.0,61,14.9,1.0
2025-07-06,13:40:00,Indiranagar,163,151.0,101.0,62,5.0,1.2
2025-08-27,15:04:00,HSR Layout,246,126.0,214.0,32,20.3,1.0
2025-01-28,02:56:00,Indiranagar,238,157.0,183.0,55,22.5,2.0
2025-01-28,14:52:00,JP Nagar,94,161.0,62.0,32,12.5,1.8
2025-08-06,18:47:00,Rajajinagar,189,121.0,139.0,50,8.2,1.3
2025-01-15,01:11:00,Banashankari,202,126.0,156.0,46,12.7,1.3
2025-04-09,17:57:00,BTM Layout,147,50.0,70.0,77,14.8,1.8
2025-08-23,14:16:00,Whitefield,107,80.0,59.0,48,15.9,1.0
2025-11-17,08:09:00,Koramangala,160,78.0,99.0,61,7.4,1.5
2025-02-04,11:46:00,Malleshwaram,143,153.0,125.0,18,18.9,1.5
2025-07-06,13:22:00,Malleshwaram,113,88.0,66.0,47,12.4,1.0
2025-03-25,06:35:00,Hebbal,135,8.0,126.0,9,23.3,1.8
2025-11-02,20:09:00,Hebbal,55,103.0,21.0,34,5.0,1.0
2025-10-17,16:33:00,MG Road,195,30.0,184.0,11,16.4,2.0
2025-12-24,14:25:00,Indiranagar,194,60.0,154.0,40,24.0,1.5
2025-06-16,01:54:00,Yelahanka,170,115.0,120.0,50,5.3,1.8
2025-10-26,16:41:00,Marathahalli,66,19.0,0.0,66,12.4,1.8
2025-09-21,23:11:00,Malleshwaram,68,110.0,46.0,22,23.1,1.3
2025-03-02,16:20:00,Hebbal,144,66.0,113.0,31,14.7,1.3
2025-03-10,01:30:00,Yelahanka,200,169.0,126.0,74,6.0,2.0
2025-07-29,15:22:00,Electronic City,324,13.0,259.0,65,7.3,1.3
2025-11-21,07:31:00,Hebbal,137,95.0,92.0,45,13.9,1.0
2025-01-31,08:48:00,Marathahalli,155,22.0,128.0,27,13.3,1.2
2025-10-22,14:39:00,Rajajinagar,313,168.0,257.0,56,11.6,1.0
2025-11-21,03:25:00,Rajajinagar,247,81.0,221.0,26,22.8,1.0
2025-04-12,15:43:00,BTM Layout,68,58.0,0.0,68,12.9,1.3
2025-09-29,03:15:00,Banashankari,336,143.0,285.0,51,13.7,2.0
2025-09-11,01:15:00,Jayanagar,84,89.0,15.0,69,22.0,2.0
2025-04-19,16:53:00,Banashankari,157,77.0,111.0,46,9.8,1.0
2025-08-01,05:58:00,Rajajinagar,304,150.0,240.0,64,19.4,1.0
2025-04-17,15:25:00,Electronic City,177,35.0,113.0,64,4.1,1.3
2025-09-20,00:41:00,JP Nagar,24,38.0,0.0,24,16.9,1.0
2025-12-29,23:38:00,Whitefield,98,34.0,73.0,25,2.9,1.5
2025-10-31,07:43:00,MG Road,285,7.0,224.0,61,18.0,1.0
2025-05-21,09:33:00,MG Road,248,162.0,224.0,24,16.2,1.2
2025-02-22,03:15:00,HSR Layout,52,18.0,0.0,52,2.6,1.8
2025-12-22,23:51:00,Jayanagar,29,174.0,0.0,29,14.1,1.3
2025-07-08,01:59:00,HSR Layout,335,15.0,296.0,39,18.9,1.3
2025-02-28,20:12:00,Yelahanka,325,147.0,261.0,64,4.2,2.0
2025-06-21,09:42:00,HSR Layout,252,131.0,178.0,74,22.5,1.0
2025-12-09,11:32:00,Rajajinagar,285,163.0,214.0,71,4.2,1.2
2025-09-13,18:47:00,Malleshwaram,192,130.0,155.0,37,24.2,2.0
2025-06-20,02:46:00,JP Nagar,318,94.0,295.0,23,9.1,1.8
2025-09-01,00:34:00,BTM Layout,208,33.0,161.0,47,24.5,1.3
2025-10-11,17:27:00,JP Nagar,304,151.0,226.0,78,5.6,1.0
2025-03-04,15:34:00,BTM Layout,88,140.0,24.0,64,24.7,1.5
2025-12-28,07:18:00,Hebbal,52,89.0,0.0,52,14.5,1.8
2025-10-11,05:18:00,Jayanagar,159,58.0,118.0,41,18.5,1.2
2025-04-29,23:27:00,Koramangala,33,127.0,0.0,33,5.1,2.0
2025-10-31,18:37:00,MG Road,112,123.0,37.0,75,23.7,1.2
2025-06-16,04:07:00,Indiranagar,314,87.0,240.0,74,21.2,1.2
2025-03-12,11:22:00,Marathahalli,262,43.0,191.0,71,15.9,1.0
2025-11-04,10:38:00,HSR Layout,247,109.0,214.0,33,8.7,1.8
2025-12-01,00:36:00,Hebbal,72,14.0,16.0,56,14.8,1.0
2025-07-08,22:57:00,Hebbal,154,168.0,75.0,79,23.6,1.0
2025-08-17,18:23:00,Yelahanka,267,146.0,218.0,49,19.5,1.8
2025-04-08,11:36:00,Electronic City,267,88.0,195.0,72,5.3,1.0
2025-02-08,16:01:00,Jayanagar,155,106.0,107.0,48,16.9,3.5
2025-12-30,03:56:00,Marathahalli,200,154.0,124.0,76,15.1,1.8
2025-09-20,13:27:00,Yelahanka,119,159.0,52.0,67,15.9,1.0
2025-05-20,15:20:00,Banashankari,282,116.0,259.0,23,4.1,1.2
2025-10-28,07:22:00,Malleshwaram,139,42.0,92.0,47,20.1,1.0
2025-05-02,07:09:00,Banashankari,321,161.0,272.0,49,16.6,1.0
2025-02-21,17:57:00,Rajajinagar,253,41.0,247.0,6,11.4,1.0
2025-02-20,23:24:00,JP Nagar,208,170.0,134.0,74,10.2,1.8
2025-01-26,04:26:00,JP Nagar,34,177.0,0.0,34,3.2,1.8
2025-02-06,13:33:00,MG Road,41,122.0,0.0,41,23.2,1.5
2025-12-21,13:52:00,Yelahanka,131,80.0,110.0,21,7.5,1.0
2025-12-15,19:16:00,Banashankari,349,165.0,303.0,46,9.3,2.0
2025-02-02,00:45:00,BTM Layout,138,90.0,67.0,71,11.5,1.5
2025-12-30,05:24:00,MG Road,179,146.0,104.0,75,11.4,1.2
2025-12-17,11:04:00,Banashankari,48,13.0,14.0,34,20.5,1.8
2025-11-17,22:30:00,MG Road,126,54.0,86.0,40,4.6,1.0
2025-02-05,18:07:00,Electronic City,99,72.0,37.0,62,14.5,2.0
2025-09-16,15:58:00,Malleshwaram,159,33.0,130.0,29,9.6,2.0
2025-01-08,08:56:00,JP Nagar,130,20.0,120.0,10,23.8,1.8
2025-07-30,10:21:00,Indiranagar,246,53.0,206.0,40,4.5,1.0
2025-07-25,14:33:00,Rajajinagar,75,118.0,8.0,67,3.7,1.0
2025-05-28,22:52:00,MG Road,84,23.0,62.0,22,16.9,1.0
2025-05-06,16:13:00,Marathahalli,332,111.0,318.0,14,22.4,1.2
2025-05-22,08:54:00,Indiranagar,172,137.0,143.0,29,19.6,1.0
2025-11-17,16:55:00,Marathahalli,324,32.0,294.0,30,5.1,1.0
2025-07-09,07:59:00,HSR Layout,41,97.0,10.0,31,10.9,2.0
2025-06-12,16:22:00,JP Nagar,198,75.0,122.0,76,8.6,1.8
2025-10-07,10:01:00,Koramangala,184,88.0,166.0,18,17.2,1.3
2025-01-18,09:42:00,HSR Layout,325,39.0,318.0,7,24.8,1.3
2025-10-12,00:20:00,Koramangala,284,66.0,255.0,29,18.6,2.0
2025-09-03,07:07:00,JP Nagar,190,8.0,147.0,43,6.9,1.2
2025-08-23,10:22:00,JP Nagar,310,83.0,289.0,21,5.9,1.3
2025-01-04,03:53:00,Hebbal,190,150.0,142.0,48,16.2,1.0
2025-05-18,02:15:00,JP Nagar,128,85.0,51.0,77,6.9,2.0
2025-09-14,04:44:00,Whitefield,245,24.0,219.0,26,13.8,1.3
2025-06-18,21:02:00,Indiranagar,176,149.0,97.0,79,15.0,1.5
2025-12-16,08:31:00,Malleshwaram,72,148.0,22.0,50,22.3,1.8
2025-03-07,22:52:00,BTM Layout,-20,176.0,273.0,16,11.7,1.5
2025-12-23,16:20:00,Malleshwaram,343,39.0,315.0,28,3.5,2.0
2025-12-12,18:13:00,Malleshwaram,166,8.0,107.0,59,14.0,1.0
2025-03-26,16:48:00,Koramangala,91,70.0,34.0,57,16.0,1.2
2025-11-27,05:15:00,Indiranagar,294,129.0,276.0,18,7.4,1.5
2025-06-23,03:55:00,Indiranagar,259,62.0,245.0,14,21.8,1.8
2025-01-20,06:53:00,HSR Layout,67,11.0,6.0,61,20.4,1.0
2025-07-06,14:43:00,Jayanagar,55,85.0,8.0,47,17.3,1.0
2025-06-13,02:17:00,HSR Layout,64,106.0,10.0,54,14.7,1.3
2025-04-02,01:04:00,Marathahalli,123,54.0,105.0,18,4.3,1.8
2025-01-29,07:56:00,MG Road,328,139.0,295.0,33,13.0,1.5
2025-09-29,09:22:00,MG Road,294,133.0,253.0,41,20.7,1.8
2025-11-24,11:30:00,Hebbal,235,23.0,157.0,78,3.8,1.5
2025-06-13,05:19:00,HSR Layout,22,89.0,0.0,22,16.9,1.3
2025-10-30,16:09:00,MG Road,256,114.0,216.0,40,18.9,1.2
2025-05-03,10:25:00,Yelahanka,79,41.0,51.0,28,13.7,1.8
2025-10-12,08:12:00,Marathahalli,263,9.0,196.0,67,4.1,1.2
2025-09-22,20:55:00,BTM Layout,159,141.0,118.0,41,20.6,1.8
2025-02-22,10:41:00,Indiranagar,208,102.0,165.0,43,19.8,1.0
