Date,City,State,Temperature_Max (°C),Temperature_Min (°C),Temperature_Avg (°C),Humidity (%),Rainfall (mm),Wind_Speed (km/h),AQI,AQI_Category,Pressure (hPa),Cloud_Cover (%)
1/1/2024,Bengaluru,Karnataka,37.2,30.8,34.0,49.0,3.7,6.6,54,Satisfactory,1008.0,61.3
1/2/2024,Bengaluru,Karnataka,41.1,27.2,34.2,50.7,0.0,20.8,198,Moderate,1020.1,5.7
1/3/2024,Bengaluru,Karnataka,38.2,27.5,32.8,36.1,0.0,24.4,235,Poor,1003.8,89.7
1/4/2024,Bengaluru,Karnataka,36.0,23.8,29.9,72.9,2.9,14.8,116,Moderate,1011.4,44.9
1/5/2024,Bengaluru,Karnataka,40.8,27.9,34.4,35.9,0.0,12.2,76,Satisfactory,1021.1,38.3
1/6/2024,Bengaluru,Karnataka,36.9,28.1,32.5,93.0,0.0,11.5,308,Very Poor,999.6,10.4
1/7/2024,Bengaluru,Karnataka,28.7,21.6,25.1,54.1,0.0,12.6,118,Moderate,1016.2,8.5
1/8/2024,Bengaluru,Karnataka,43.8,37.0,40.4,34.3,7.4,5.2,90,Satisfactory,1017.8,24.2
1/9/2024,Bengaluru,Karnataka,41.1,36.0,38.5,51.7,47.6,10.0,180,Moderate,1002.1,75.1
1/10/2024,Bengaluru,Karnataka,42.4,32.5,37.4,88.1,0.0,8.2,119,Moderate,1009.0,65.2
1/11/2024,Bengaluru,Karnataka,38.9,31.0,35.0,90.1,0.0,21.8,296,Poor,1019.6,35.3
1/12/2024,Bengaluru,Karnataka,42.8,28.2,35.5,86.0,0.0,4.0,120,Moderate,1004.3,40.4
1/13/2024,Bengaluru,Karnataka,44.0,37.5,40.8,58.1,9.4,11.1,166,Moderate,999.6,98.5
1/14/2024,Bengaluru,Karnataka,29.9,23.3,26.6,86.7,0.0,6.2,194,Moderate,1017.6,67.6
1/15/2024,Bengaluru,Karnataka,31.3,21.3,26.3,32.7,79.1,2.1,309,Very Poor,1023.3,65.7
1/16/2024,Bengaluru,Karnataka,26.2,11.9,19.0,52.9,0.0,8.6,207,Poor,1000.8,81.3
1/17/2024,Bengaluru,Karnataka,34.3,28.7,31.5,66.5,9.6,6.6,179,Moderate,1008.8,14.2
1/18/2024,Bengaluru,Karnataka,27.8,21.6,24.7,49.7,0.0,13.7,230,Poor,1024.9,82.3
1/19/2024,Bengaluru,Karnataka,29.1,22.9,26.0,70.0,0.0,3.0,130,Moderate,1023.9,80.9
1/20/2024,Bengaluru,Karnataka,38.9,33.9,36.4,70.3,0.0,15.5,60,Satisfactory,1006.8,66.0
1/21/2024,Bengaluru,Karnataka,44.3,33.7,39.0,90.9,0.0,18.8,242,Poor,1024.3,29.4
1/22/2024,Bengaluru,Karnataka,41.1,31.0,36.0,92.9,4.2,16.6,172,Moderate,995.8,88.8
1/23/2024,Bengaluru,Karnataka,39.1,28.7,33.9,36.3,0.0,8.9,132,Moderate,1010.9,33.2
1/24/2024,Bengaluru,Karnataka,43.2,31.0,37.1,69.5,67.7,20.9,55,Satisfactory,990.1,65.5
1/25/2024,Bengaluru,Karnataka,28.2,23.0,25.6,79.2,30.2,4.7,315,Very Poor,1023.5,34.8
1/26/2024,Bengaluru,Karnataka,38.9,32.5,35.7,49.5,0.0,6.8,349,Very Poor,1023.5,5.8
1/27/2024,Bengaluru,Karnataka,40.8,26.9,33.8,58.2,36.4,4.1,160,Moderate,1014.0,51.9
1/28/2024,Bengaluru,Karnataka,43.0,30.1,36.6,80.7,0.0,3.5,190,Moderate,998.0,28.4
1/29/2024,Bengaluru,Karnataka,43.5,36.2,39.9,71.2,2.3,18.8,49,Good,993.3,45.7
1/30/2024,Bengaluru,Karnataka,31.5,19.4,25.4,83.1,36.0,20.6,161,Moderate,1024.5,76.7
1/31/2024,Bengaluru,Karnataka,30.7,21.4,26.1,74.6,0.0,23.7,236,Poor,1012.5,68.8
2/1/2024,Bengaluru,Karnataka,30.4,22.9,26.7,34.1,4.6,17.5,299,Poor,992.8,95.4
2/2/2024,Bengaluru,Karnataka,35.3,28.7,32.0,35.4,21.6,7.6,108,Moderate,1002.4,15.0
2/3/2024,Bengaluru,Karnataka,36.0,30.3,33.1,79.8,5.9,20.5,248,Poor,1008.1,18.3
2/4/2024,Bengaluru,Karnataka,40.3,29.0,34.7,79.5,0.5,15.0,221,Poor,1011.9,87.1
2/5/2024,Bengaluru,Karnataka,29.6,19.9,24.7,47.5,0.0,24.4,176,Moderate,1016.6,96.9
2/6/2024,Bengaluru,Karnataka,38.5,31.3,34.9,44.2,0.0,2.0,234,Poor,1020.5,80.3
2/7/2024,Bengaluru,Karnataka,31.9,18.5,25.2,90.8,36.1,3.4,224,Poor,993.2,20.5
2/8/2024,Bengaluru,Karnataka,32.0,23.4,27.7,82.4,0.0,12.7,108,Moderate,1006.9,84.9
2/9/2024,Bengaluru,Karnataka,43.9,34.9,39.4,80.9,0.0,15.9,77,Satisfactory,1013.1,70.4
2/10/2024,Bengaluru,Karnataka,33.2,25.8,29.5,73.7,8.3,11.1,151,Moderate,995.5,75.1
2/11/2024,Bengaluru,Karnataka,30.9,20.6,25.7,75.4,9.0,17.6,40,Good,1023.1,33.1
2/12/2024,Bengaluru,Karnataka,31.2,20.0,25.6,88.4,8.1,10.4,98,Satisfactory,1012.4,49.3
2/13/2024,Bengaluru,Karnataka,36.6,22.3,29.4,73.7,66.7,2.5,292,Poor,1024.4,13.2
2/14/2024,Bengaluru,Karnataka,27.0,12.4,19.7,69.0,0.0,7.4,287,Poor,993.4,22.0
2/15/2024,Bengaluru,Karnataka,42.2,31.5,36.8,87.9,0.0,19.2,96,Satisfactory,1022.0,59.4
2/16/2024,Bengaluru,Karnataka,42.1,29.5,35.8,39.5,6.9,9.6,198,Moderate,1007.5,66.3
2/17/2024,Bengaluru,Karnataka,31.9,26.4,29.1,43.3,0.0,23.0,92,Satisfactory,1019.5,75.5
2/18/2024,Bengaluru,Karnataka,30.7,22.8,26.7,54.5,0.0,17.9,196,Moderate,995.9,34.5
2/19/2024,Bengaluru,Karnataka,44.0,31.7,37.9,68.8,0.0,12.7,324,Very Poor,997.9,75.7
2/20/2024,Bengaluru,Karnataka,38.3,29.0,33.7,92.0,0.0,8.0,77,Satisfactory,991.8,74.0
2/21/2024,Bengaluru,Karnataka,31.4,17.1,24.2,33.7,4.9,14.6,304,Very Poor,998.7,37.6
2/22/2024,Bengaluru,Karnataka,31.0,21.3,26.1,40.9,0.0,15.4,225,Poor,1021.0,19.4
2/23/2024,Bengaluru,Karnataka,30.7,22.9,26.8,56.3,0.0,3.9,198,Moderate,995.4,46.8
2/24/2024,Bengaluru,Karnataka,28.8,20.8,24.8,93.4,0.0,24.6,261,Poor,998.5,69.7
2/25/2024,Bengaluru,Karnataka,41.7,30.9,36.3,72.0,0.0,16.7,130,Moderate,992.9,46.3
2/26/2024,Bengaluru,Karnataka,27.0,12.9,20.0,83.3,7.6,12.1,68,Satisfactory,1002.0,56.9
2/27/2024,Bengaluru,Karnataka,27.1,17.9,22.5,81.7,1.5,6.5,326,Very Poor,993.4,20.9
2/28/2024,Bengaluru,Karnataka,41.9,32.4,37.1,76.1,0.0,16.7,205,Poor,992.5,39.3
2/29/2024,Bengaluru,Karnataka,27.2,12.5,19.9,41.4,6.5,19.9,316,Very Poor,1013.6,63.4
3/1/2024,Bengaluru,Karnataka,33.4,19.8,26.6,85.6,0.0,22.1,71,Satisfactory,994.5,73.4
3/2/2024,Bengaluru,Karnataka,26.0,19.9,23.0,30.3,10.0,13.7,128,Moderate,1000.5,19.4
3/3/2024,Bengaluru,Karnataka,41.0,28.9,34.9,42.4,3.7,4.8,160,Moderate,1024.5,79.2
3/4/2024,Bengaluru,Karnataka,37.4,27.3,32.3,65.5,0.0,23.9,56,Satisfactory,1004.3,49.3
3/5/2024,Bengaluru,Karnataka,44.8,35.1,39.9,33.8,0.0,23.8,223,Poor,1016.8,30.5
3/6/2024,Bengaluru,Karnataka,29.5,22.4,26.0,81.5,14.7,2.6,300,Poor,1019.2,39.7
3/7/2024,Bengaluru,Karnataka,27.3,18.2,22.7,61.5,0.0,20.6,256,Poor,1014.3,57.8
3/8/2024,Bengaluru,Karnataka,40.4,34.7,37.6,83.8,0.0,9.8,290,Poor,993.1,96.3
3/9/2024,Bengaluru,Karnataka,34.6,24.4,29.5,93.4,9.7,6.5,165,Moderate,997.5,69.2
3/10/2024,Bengaluru,Karnataka,43.7,38.2,40.9,43.7,0.0,11.3,237,Poor,1012.7,71.3
3/11/2024,Bengaluru,Karnataka,36.0,22.8,29.4,92.4,0.0,2.9,87,Satisfactory,1024.5,41.4
3/12/2024,Bengaluru,Karnataka,43.1,36.9,40.0,64.7,0.0,3.6,332,Very Poor,999.7,35.8
3/13/2024,Bengaluru,Karnataka,43.9,36.5,40.2,38.6,72.7,21.8,171,Moderate,993.9,95.0
3/14/2024,Bengaluru,Karnataka,29.9,19.6,24.8,61.4,0.0,6.9,217,Poor,1015.8,23.0
3/15/2024,Bengaluru,Karnataka,28.9,17.0,23.0,55.4,0.0,4.3,246,Poor,1000.8,68.1
3/16/2024,Bengaluru,Karnataka,32.4,22.3,27.4,66.4,7.3,15.5,120,Moderate,1009.2,65.8
3/17/2024,Bengaluru,Karnataka,42.2,31.6,36.9,40.2,6.9,22.5,272,Poor,1005.4,90.6
3/18/2024,Bengaluru,Karnataka,36.1,21.8,28.9,30.3,0.0,4.2,208,Poor,1004.9,93.7
3/19/2024,Bengaluru,Karnataka,32.1,23.3,27.7,56.8,41.6,23.7,69,Satisfactory,1001.8,58.3
3/20/2024,Bengaluru,Karnataka,38.0,25.8,31.9,41.6,0.0,21.6,92,Satisfactory,1020.2,78.4
3/21/2024,Bengaluru,Karnataka,35.0,21.5,28.2,82.1,0.0,21.0,289,Poor,998.0,54.8
3/22/2024,Bengaluru,Karnataka,30.8,19.5,25.2,37.7,0.0,4.9,112,Moderate,1022.7,87.4
3/23/2024,Bengaluru,Karnataka,42.4,35.5,39.0,36.3,0.0,10.3,202,Poor,994.4,61.0
3/24/2024,Bengaluru,Karnataka,27.6,15.7,21.6,43.4,4.5,4.9,184,Moderate,1021.6,87.1
3/25/2024,Bengaluru,Karnataka,36.4,28.9,32.7,44.8,0.0,4.7,80,Satisfactory,1024.5,34.3
3/26/2024,Bengaluru,Karnataka,34.0,24.8,29.4,40.2,0.0,12.2,236,Poor,1017.3,69.6
3/27/2024,Bengaluru,Karnataka,44.9,38.1,41.5,62.7,8.5,8.4,252,Poor,1020.2,31.9
3/28/2024,Bengaluru,Karnataka,31.3,18.7,25.0,44.3,3.9,11.3,128,Moderate,997.5,38.8
3/29/2024,Bengaluru,Karnataka,26.7,11.7,19.2,38.3,0.0,17.0,121,Moderate,1001.5,42.2
3/30/2024,Bengaluru,Karnataka,35.5,30.2,32.9,70.0,0.0,15.7,343,Very Poor,995.7,16.7
3/31/2024,Bengaluru,Karnataka,30.5,16.7,23.6,61.5,0.0,15.0,171,Moderate,994.0,99.7
4/1/2024,Bengaluru,Karnataka,42.8,33.1,37.9,72.7,37.5,11.6,334,Very Poor,1011.0,72.4
4/2/2024,Bengaluru,Karnataka,26.9,16.0,21.4,64.6,73.0,11.3,268,Poor,1021.2,41.5
4/3/2024,Bengaluru,Karnataka,29.2,15.3,22.3,70.1,22.8,19.4,290,Poor,997.3,37.1
4/4/2024,Bengaluru,Karnataka,43.5,33.0,38.2,67.9,4.1,8.6,296,Poor,1019.5,46.1
4/5/2024,Bengaluru,Karnataka,31.4,20.3,25.9,91.0,0.0,22.5,334,Very Poor,993.3,98.9
4/6/2024,Bengaluru,Karnataka,33.8,28.1,31.0,55.3,0.0,15.7,159,Moderate,1020.5,9.5
4/7/2024,Bengaluru,Karnataka,40.4,30.8,35.6,76.4,19.7,20.9,78,Satisfactory,997.2,22.7
4/8/2024,Bengaluru,Karnataka,37.7,25.2,31.5,74.1,2.1,12.9,244,Poor,1008.8,78.3
4/9/2024,Bengaluru,Karnataka,30.6,16.9,23.7,69.3,0.0,12.2,316,Very Poor,1025.0,84.3
4/10/2024,Bengaluru,Karnataka,28.5,23.3,25.9,89.1,0.0,23.0,248,Poor,1021.2,67.1
4/11/2024,Bengaluru,Karnataka,25.4,17.9,21.7,87.9,7.2,13.3,251,Poor,1019.6,62.1
4/12/2024,Bengaluru,Karnataka,38.6,26.3,32.5,92.7,0.0,18.3,121,Moderate,1017.7,23.4
4/13/2024,Bengaluru,Karnataka,36.1,28.5,32.3,92.1,0.0,11.5,310,Very Poor,998.1,51.7
4/14/2024,Bengaluru,Karnataka,28.7,19.3,24.0,69.1,3.3,9.4,299,Poor,1019.4,14.8
4/15/2024,Bengaluru,Karnataka,35.7,23.9,29.8,86.8,4.4,15.4,49,Good,992.5,89.8
4/16/2024,Bengaluru,Karnataka,32.2,24.2,28.2,70.0,9.0,21.3,202,Poor,1008.4,24.8
4/17/2024,Bengaluru,Karnataka,38.6,31.3,34.9,63.1,0.0,10.6,236,Poor,1006.0,21.8
4/18/2024,Bengaluru,Karnataka,34.9,29.3,32.1,92.1,0.0,2.6,202,Poor,1022.4,85.9
4/19/2024,Bengaluru,Karnataka,39.3,28.4,33.9,51.1,0.0,21.2,310,Very Poor,1004.7,59.8
4/20/2024,Bengaluru,Karnataka,39.1,33.6,36.3,88.9,0.0,5.4,44,Good,1006.4,84.0
4/21/2024,Bengaluru,Karnataka,39.9,32.9,36.4,54.1,6.4,21.2,303,Very Poor,1004.0,47.6
4/22/2024,Bengaluru,Karnataka,26.3,17.3,21.8,79.7,0.0,18.2,176,Moderate,1023.0,30.4
4/23/2024,Bengaluru,Karnataka,37.1,26.3,31.7,45.1,0.0,12.2,48,Good,994.0,84.5
4/24/2024,Bengaluru,Karnataka,39.1,31.5,35.3,91.2,0.0,4.3,187,Moderate,1013.6,5.7
4/25/2024,Bengaluru,Karnataka,38.7,33.5,36.1,44.1,0.8,4.5,253,Poor,1019.3,57.8
4/26/2024,Bengaluru,Karnataka,36.0,28.3,32.2,34.2,0.0,19.5,169,Moderate,1007.0,37.6
4/27/2024,Bengaluru,Karnataka,27.4,13.8,20.6,62.1,0.0,6.4,72,Satisfactory,1016.1,17.1
4/28/2024,Bengaluru,Karnataka,43.4,31.9,37.7,58.4,0.0,9.8,53,Satisfactory,1022.8,20.7
4/29/2024,Bengaluru,Karnataka,41.5,34.2,37.8,36.4,30.7,2.1,114,Moderate,990.7,49.3
4/30/2024,Bengaluru,Karnataka,33.0,22.2,27.6,85.6,0.0,19.2,135,Moderate,1009.8,47.5
5/1/2024,Bengaluru,Karnataka,32.0,22.4,27.2,68.7,32.9,8.2,183,Moderate,1024.6,68.7
5/2/2024,Bengaluru,Karnataka,26.5,20.8,23.6,42.7,0.0,9.7,124,Moderate,992.9,57.3
5/3/2024,Bengaluru,Karnataka,33.6,18.9,26.3,39.1,5.9,20.0,100,Satisfactory,993.9,91.6
5/4/2024,Bengaluru,Karnataka,44.6,35.2,39.9,39.8,4.7,12.6,240,Poor,1010.8,30.4
5/5/2024,Bengaluru,Karnataka,26.1,12.7,19.4,72.1,0.0,2.3,98,Satisfactory,990.0,63.5
5/6/2024,Bengaluru,Karnataka,39.7,26.1,32.9,91.1,0.0,10.3,268,Poor,1022.0,59.6
5/7/2024,Bengaluru,Karnataka,36.2,30.4,33.3,88.7,58.9,20.7,134,Moderate,1019.0,59.1
5/8/2024,Bengaluru,Karnataka,27.9,17.4,22.7,39.4,0.0,19.6,74,Satisfactory,990.8,40.7
5/9/2024,Bengaluru,Karnataka,42.4,35.3,38.9,57.7,0.0,12.1,288,Poor,1008.2,65.0
5/10/2024,Bengaluru,Karnataka,36.6,23.0,29.8,92.0,0.0,2.9,118,Moderate,997.0,22.7
5/11/2024,Bengaluru,Karnataka,38.1,32.7,35.4,34.3,0.0,5.9,102,Moderate,1009.8,71.8
5/12/2024,Bengaluru,Karnataka,33.5,18.7,26.1,81.0,0.0,11.5,123,Moderate,1015.1,15.4
5/13/2024,Bengaluru,Karnataka,38.6,30.2,34.4,67.1,0.0,13.3,337,Very Poor,1000.4,36.0
5/14/2024,Bengaluru,Karnataka,43.7,36.5,40.1,84.4,6.9,10.0,141,Moderate,1017.1,29.9
5/15/2024,Bengaluru,Karnataka,33.2,25.8,29.5,38.4,49.1,21.1,65,Satisfactory,999.9,57.0
5/16/2024,Bengaluru,Karnataka,34.7,26.7,30.7,84.9,0.0,13.4,349,Very Poor,991.4,89.8
5/17/2024,Bengaluru,Karnataka,34.3,21.8,28.1,44.4,76.3,24.8,105,Moderate,1018.3,22.9
5/18/2024,Bengaluru,Karnataka,28.5,21.0,24.8,93.3,0.0,13.3,185,Moderate,992.6,8.3
5/19/2024,Bengaluru,Karnataka,28.5,23.0,25.7,46.0,0.0,2.9,223,Poor,991.3,84.0
5/20/2024,Bengaluru,Karnataka,41.4,33.6,37.5,52.8,0.0,17.1,70,Satisfactory,990.5,11.1
5/21/2024,Bengaluru,Karnataka,38.2,29.5,33.9,72.0,3.6,17.9,126,Moderate,994.0,67.4
5/22/2024,Bengaluru,Karnataka,39.0,24.2,31.6,58.7,0.0,13.9,70,Satisfactory,990.3,5.2
5/23/2024,Bengaluru,Karnataka,28.0,22.7,25.4,70.8,79.1,11.4,87,Satisfactory,1003.0,33.2
5/24/2024,Bengaluru,Karnataka,44.0,33.6,38.8,73.7,1.1,18.3,67,Satisfactory,991.4,56.9
5/25/2024,Bengaluru,Karnataka,40.7,26.3,33.5,87.0,0.0,11.2,180,Moderate,1002.6,83.5
5/26/2024,Bengaluru,Karnataka,42.8,34.3,38.6,54.0,0.0,9.7,77,Satisfactory,999.7,67.3
5/27/2024,Bengaluru,Karnataka,37.3,31.3,34.3,53.0,74.1,15.3,329,Very Poor,1008.2,93.4
5/28/2024,Bengaluru,Karnataka,31.7,26.7,29.2,50.0,0.0,13.7,289,Poor,1014.2,64.9
5/29/2024,Bengaluru,Karnataka,39.8,25.7,32.7,89.9,0.0,23.5,174,Moderate,1006.0,17.1
5/30/2024,Bengaluru,Karnataka,30.4,17.1,23.8,35.4,17.0,9.0,153,Moderate,1012.9,51.3
5/31/2024,Bengaluru,Karnataka,36.4,31.0,33.7,63.4,0.0,16.7,146,Moderate,1006.4,86.5
6/1/2024,Bengaluru,Karnataka,42.3,27.9,35.1,94.5,0.0,5.4,316,Very Poor,1002.2,83.8
6/2/2024,Bengaluru,Karnataka,40.7,28.2,34.4,33.3,0.0,16.8,191,Moderate,995.9,97.7
6/3/2024,Bengaluru,Karnataka,31.4,19.6,25.5,44.0,0.0,16.1,128,Moderate,992.4,87.1
6/4/2024,Bengaluru,Karnataka,25.1,10.2,17.7,53.7,0.0,20.3,199,Moderate,1014.8,55.1
6/5/2024,Bengaluru,Karnataka,33.6,20.1,26.8,82.4,0.0,16.0,73,Satisfactory,1020.7,89.0
6/6/2024,Bengaluru,Karnataka,33.0,27.3,30.2,79.9,0.0,13.0,107,Moderate,1015.3,42.4
6/7/2024,Bengaluru,Karnataka,26.4,12.7,19.5,81.5,0.0,8.8,62,Satisfactory,1009.6,29.5
6/8/2024,Bengaluru,Karnataka,42.8,28.5,35.7,45.5,11.0,5.6,154,Moderate,1020.2,36.3
6/9/2024,Bengaluru,Karnataka,34.8,22.8,28.8,37.2,0.0,18.2,311,Very Poor,1016.1,29.1
6/10/2024,Bengaluru,Karnataka,41.6,29.8,35.7,45.4,0.0,22.4,176,Moderate,1003.3,91.3
6/11/2024,Bengaluru,Karnataka,42.2,33.6,37.9,51.1,13.2,5.3,295,Poor,1021.6,12.9
6/12/2024,Bengaluru,Karnataka,42.7,28.6,35.6,92.3,0.0,6.5,330,Very Poor,990.2,72.2
6/13/2024,Bengaluru,Karnataka,38.4,30.8,34.6,45.9,7.2,8.2,225,Poor,1011.0,47.2
6/14/2024,Bengaluru,Karnataka,28.6,15.7,22.1,84.3,5.5,12.1,337,Very Poor,1013.8,15.3
6/15/2024,Bengaluru,Karnataka,36.6,23.5,30.0,57.5,0.0,13.3,124,Moderate,1015.7,58.8
6/16/2024,Bengaluru,Karnataka,31.3,22.5,26.9,70.3,7.6,2.7,205,Poor,991.7,80.0
6/17/2024,Bengaluru,Karnataka,29.1,18.9,24.0,43.3,0.0,15.5,210,Poor,991.1,15.1
6/18/2024,Bengaluru,Karnataka,38.2,31.6,34.9,77.7,39.8,5.8,286,Poor,999.4,11.0
6/19/2024,Bengaluru,Karnataka,30.7,22.7,26.7,60.5,0.0,21.6,140,Moderate,1018.1,67.8
6/20/2024,Bengaluru,Karnataka,29.4,19.2,24.3,41.0,0.0,5.4,290,Poor,1001.4,44.0
6/21/2024,Bengaluru,Karnataka,25.6,15.2,20.4,90.0,0.0,15.1,68,Satisfactory,1017.9,54.9
6/22/2024,Bengaluru,Karnataka,32.7,27.7,30.2,69.9,0.4,14.6,123,Moderate,999.4,79.7
6/23/2024,Bengaluru,Karnataka,43.4,36.7,40.0,49.2,0.0,5.4,126,Moderate,990.9,99.0
6/24/2024,Bengaluru,Karnataka,36.2,25.3,30.7,56.6,0.0,18.6,197,Moderate,1021.6,89.0
6/25/2024,Bengaluru,Karnataka,25.7,14.6,20.1,91.7,0.0,16.8,310,Very Poor,1009.4,65.2
6/26/2024,Bengaluru,Karnataka,43.0,34.9,39.0,42.1,61.9,5.8,230,Poor,995.0,56.4
6/27/2024,Bengaluru,Karnataka,41.3,34.0,37.7,74.0,4.4,7.0,242,Poor,996.2,39.0
6/28/2024,Bengaluru,Karnataka,26.1,11.7,18.9,66.4,6.6,5.8,304,Very Poor,991.7,42.6
6/29/2024,Bengaluru,Karnataka,34.5,26.8,30.7,76.5,58.4,12.4,260,Poor,1017.0,85.1
6/30/2024,Bengaluru,Karnataka,42.4,27.7,35.1,79.6,0.0,17.8,264,Poor,1024.8,49.4
7/1/2024,Bengaluru,Karnataka,32.4,20.6,26.5,84.1,0.0,18.9,110,Moderate,1017.1,79.5
7/2/2024,Bengaluru,Karnataka,29.7,17.8,23.8,80.7,0.0,15.8,250,Poor,996.0,14.9
7/3/2024,Bengaluru,Karnataka,36.4,30.6,33.5,68.8,0.0,15.8,81,Satisfactory,1003.1,40.6
7/4/2024,Bengaluru,Karnataka,26.4,18.1,22.3,59.9,31.9,7.3,248,Poor,996.7,54.3
7/5/2024,Bengaluru,Karnataka,37.2,25.9,31.5,58.5,4.9,4.5,265,Poor,997.4,97.7
7/6/2024,Bengaluru,Karnataka,43.5,30.5,37.0,93.8,0.0,2.7,196,Moderate,993.3,25.8
7/7/2024,Bengaluru,Karnataka,44.1,36.3,40.2,58.9,9.0,18.2,239,Poor,1019.0,88.4
7/8/2024,Bengaluru,Karnataka,34.1,28.5,31.3,74.4,0.0,19.0,231,Poor,1007.3,7.7
7/9/2024,Bengaluru,Karnataka,27.1,13.1,20.1,68.1,9.4,6.7,40,Good,1011.6,17.3
7/10/2024,Bengaluru,Karnataka,28.1,22.7,25.4,46.0,0.0,23.4,131,Moderate,1005.6,98.4
7/11/2024,Bengaluru,Karnataka,29.1,14.2,21.7,79.0,0.0,13.6,267,Poor,1007.3,21.6
7/12/2024,Bengaluru,Karnataka,34.5,19.9,27.2,55.7,25.7,2.3,128,Moderate,1009.1,12.2
7/13/2024,Bengaluru,Karnataka,43.5,33.1,38.3,87.0,0.0,2.2,247,Poor,1005.5,40.1
7/14/2024,Bengaluru,Karnataka,42.9,31.0,37.0,56.9,3.7,16.0,211,Poor,1000.2,92.9
7/15/2024,Bengaluru,Karnataka,40.5,30.3,35.4,48.5,0.0,6.2,242,Poor,1013.6,70.2
7/16/2024,Bengaluru,Karnataka,35.8,28.0,31.9,62.1,4.4,4.9,246,Poor,991.9,77.9
7/17/2024,Bengaluru,Karnataka,35.0,26.0,30.5,91.0,5.2,8.0,250,Poor,1001.4,93.5
7/18/2024,Bengaluru,Karnataka,31.8,23.2,27.5,67.7,0.0,23.9,334,Very Poor,999.2,91.3
7/19/2024,Bengaluru,Karnataka,31.6,23.4,27.5,51.2,0.0,5.4,73,Satisfactory,990.8,25.8
7/20/2024,Bengaluru,Karnataka,38.9,24.4,31.7,92.6,0.0,18.0,247,Poor,992.5,32.0
7/21/2024,Bengaluru,Karnataka,29.8,16.2,23.0,70.4,0.0,7.2,347,Very Poor,992.5,55.9
7/22/2024,Bengaluru,Karnataka,37.2,27.2,32.2,54.8,0.0,4.8,228,Poor,1016.6,61.6
7/23/2024,Bengaluru,Karnataka,33.1,20.0,26.6,68.7,0.0,13.8,42,Good,991.5,11.6
7/24/2024,Bengaluru,Karnataka,30.8,18.1,24.5,38.6,0.0,24.5,193,Moderate,1024.5,94.0
7/25/2024,Bengaluru,Karnataka,35.0,21.1,28.1,69.3,0.0,23.4,332,Very Poor,1023.2,95.2
7/26/2024,Bengaluru,Karnataka,41.8,33.4,37.6,92.2,12.7,19.3,195,Moderate,998.1,98.6
7/27/2024,Bengaluru,Karnataka,43.5,38.0,40.7,86.3,0.0,24.2,347,Very Poor,999.9,60.9
7/28/2024,Bengaluru,Karnataka,43.8,31.9,37.9,45.4,74.5,11.3,128,Moderate,991.3,9.6
7/29/2024,Bengaluru,Karnataka,31.8,19.7,25.8,64.1,2.3,11.1,253,Poor,1010.6,29.5
7/30/2024,Bengaluru,Karnataka,33.2,25.9,29.6,63.4,8.0,9.8,268,Poor,1017.8,25.2
7/31/2024,Bengaluru,Karnataka,31.0,18.5,24.8,85.3,27.5,12.4,240,Poor,994.5,15.4
8/1/2024,Bengaluru,Karnataka,27.7,19.6,23.6,53.3,0.0,24.3,320,Very Poor,1021.6,53.6
8/2/2024,Bengaluru,Karnataka,40.8,33.8,37.3,61.5,6.1,8.9,167,Moderate,997.4,58.0
8/3/2024,Bengaluru,Karnataka,25.6,10.9,18.2,42.9,0.0,15.9,287,Poor,1019.8,9.6
8/4/2024,Bengaluru,Karnataka,26.9,20.0,23.4,85.0,0.0,21.1,322,Very Poor,1020.4,54.7
8/5/2024,Bengaluru,Karnataka,35.9,27.6,31.7,41.4,0.0,16.8,54,Satisfactory,1021.8,72.2
8/6/2024,Bengaluru,Karnataka,25.1,12.1,18.6,53.0,0.0,14.0,116,Moderate,1013.1,76.2
8/7/2024,Bengaluru,Karnataka,28.0,15.0,21.5,59.9,0.0,3.1,127,Moderate,1021.6,50.9
8/8/2024,Bengaluru,Karnataka,39.9,30.7,35.3,61.6,0.0,14.0,340,Very Poor,1008.5,80.7
8/9/2024,Bengaluru,Karnataka,41.7,36.6,39.2,92.0,0.0,7.3,163,Moderate,1023.7,52.6
8/10/2024,Bengaluru,Karnataka,30.1,17.6,23.8,33.6,6.3,21.9,76,Satisfactory,1002.8,54.9
8/11/2024,Bengaluru,Karnataka,34.4,19.6,27.0,42.7,0.0,16.1,319,Very Poor,1007.6,6.6
8/12/2024,Bengaluru,Karnataka,25.5,11.1,18.3,71.9,0.0,16.0,135,Moderate,1011.5,52.5
8/13/2024,Bengaluru,Karnataka,34.1,28.1,31.1,47.8,0.0,17.2,275,Poor,1015.1,67.1
8/14/2024,Bengaluru,Karnataka,32.1,17.7,24.9,45.6,0.0,16.8,58,Satisfactory,1001.5,70.6
8/15/2024,Bengaluru,Karnataka,36.8,26.0,31.4,65.3,3.5,10.0,82,Satisfactory,993.0,33.2
8/16/2024,Bengaluru,Karnataka,28.2,16.3,22.2,68.6,20.5,16.3,269,Poor,1019.6,28.4
8/17/2024,Bengaluru,Karnataka,41.6,27.6,34.6,34.4,0.0,5.9,194,Moderate,1007.4,68.0
8/18/2024,Bengaluru,Karnataka,39.7,33.4,36.5,48.0,2.3,18.4,84,Satisfactory,1013.2,5.6
8/19/2024,Bengaluru,Karnataka,40.4,31.8,36.1,41.7,0.0,4.1,317,Very Poor,1001.3,64.7
8/20/2024,Bengaluru,Karnataka,33.4,25.0,29.2,36.1,25.7,11.9,64,Satisfactory,991.5,18.2
8/21/2024,Bengaluru,Karnataka,37.4,28.3,32.9,39.5,0.0,20.8,169,Moderate,1013.1,64.9
8/22/2024,Bengaluru,Karnataka,33.3,27.6,30.5,57.5,66.3,3.2,102,Moderate,1008.5,15.2
8/23/2024,Bengaluru,Karnataka,34.5,20.9,27.7,90.3,0.0,15.5,238,Poor,1004.9,36.0
8/24/2024,Bengaluru,Karnataka,41.5,28.9,35.2,53.8,0.8,18.2,236,Poor,1023.8,48.1
8/25/2024,Bengaluru,Karnataka,37.9,31.1,34.5,46.7,0.0,11.1,166,Moderate,992.6,39.5
8/26/2024,Bengaluru,Karnataka,32.6,20.1,26.3,87.4,7.7,19.8,343,Very Poor,1013.4,77.2
8/27/2024,Bengaluru,Karnataka,39.7,34.4,37.1,55.7,0.0,7.8,293,Poor,998.5,14.5
8/28/2024,Bengaluru,Karnataka,32.6,23.6,28.1,86.8,0.0,23.9,338,Very Poor,994.0,24.7
8/29/2024,Bengaluru,Karnataka,31.1,19.7,25.4,70.6,6.0,11.9,346,Very Poor,990.7,56.3
8/30/2024,Bengaluru,Karnataka,40.5,26.1,33.3,49.6,0.0,17.4,48,Good,1013.9,32.3
8/31/2024,Bengaluru,Karnataka,35.9,26.6,31.3,39.9,65.3,18.2,114,Moderate,992.1,68.7
9/1/2024,Bengaluru,Karnataka,43.7,30.7,37.2,77.5,0.0,6.4,106,Moderate,1020.3,73.9
9/2/2024,Bengaluru,Karnataka,41.1,32.6,36.9,82.8,9.2,6.9,339,Very Poor,991.4,19.0
9/3/2024,Bengaluru,Karnataka,26.2,13.1,19.7,52.4,0.0,13.1,43,Good,996.6,94.1
9/4/2024,Bengaluru,Karnataka,34.4,26.5,30.4,61.0,0.0,17.7,95,Satisfactory,1019.8,96.1
9/5/2024,Bengaluru,Karnataka,32.1,26.0,29.1,65.3,0.0,11.9,197,Moderate,991.8,99.3
9/6/2024,Bengaluru,Karnataka,44.7,35.1,39.9,37.3,0.0,9.1,114,Moderate,1007.6,58.1
9/7/2024,Bengaluru,Karnataka,26.5,19.5,23.0,72.8,0.0,12.2,126,Moderate,1021.9,14.8
9/8/2024,Bengaluru,Karnataka,31.1,17.8,24.5,90.8,46.6,23.2,70,Satisfactory,1004.3,31.9
9/9/2024,Bengaluru,Karnataka,43.9,29.5,36.7,50.0,51.6,13.0,194,Moderate,1017.1,78.0
9/10/2024,Bengaluru,Karnataka,26.4,19.2,22.8,58.6,4.8,3.1,171,Moderate,992.8,10.8
9/11/2024,Bengaluru,Karnataka,43.0,28.6,35.8,88.2,0.0,2.9,232,Poor,991.9,38.1
9/12/2024,Bengaluru,Karnataka,35.5,28.1,31.8,43.4,0.0,7.0,235,Poor,1021.3,16.6
9/13/2024,Bengaluru,Karnataka,41.7,31.2,36.4,60.9,0.0,20.2,258,Poor,1006.3,80.1
9/14/2024,Bengaluru,Karnataka,26.0,19.0,22.5,43.7,0.0,8.3,287,Poor,995.9,16.8
9/15/2024,Bengaluru,Karnataka,30.4,20.4,25.4,75.3,0.0,7.1,125,Moderate,1016.4,33.8
9/16/2024,Bengaluru,Karnataka,33.4,19.3,26.4,45.2,0.0,10.6,347,Very Poor,1004.8,57.0
9/17/2024,Bengaluru,Karnataka,37.6,26.6,32.1,31.8,0.0,8.0,316,Very Poor,1005.9,40.3
9/18/2024,Bengaluru,Karnataka,38.0,29.4,33.7,66.2,0.0,7.4,286,Poor,992.0,63.8
9/19/2024,Bengaluru,Karnataka,40.4,31.5,36.0,73.1,0.0,22.6,58,Satisfactory,1013.7,66.6
9/20/2024,Bengaluru,Karnataka,28.4,18.9,23.7,50.7,0.0,9.8,111,Moderate,1011.1,25.8
9/21/2024,Bengaluru,Karnataka,30.5,22.9,26.7,46.3,0.0,10.7,190,Moderate,1024.1,16.1
9/22/2024,Bengaluru,Karnataka,25.5,14.0,19.8,69.2,0.0,23.0,159,Moderate,1021.7,19.4
9/23/2024,Bengaluru,Karnataka,41.7,34.5,38.1,84.2,0.0,22.1,42,Good,1014.7,7.4
9/24/2024,Bengaluru,Karnataka,43.4,28.9,36.1,40.9,0.0,12.4,340,Very Poor,1014.9,62.2
9/25/2024,Bengaluru,Karnataka,30.6,20.5,25.6,89.5,0.0,4.9,95,Satisfactory,994.2,99.4
9/26/2024,Bengaluru,Karnataka,41.4,34.5,38.0,47.7,0.0,10.9,258,Poor,996.4,30.2
9/27/2024,Bengaluru,Karnataka,33.4,21.1,27.3,49.1,11.9,20.7,227,Poor,993.3,100.0
9/28/2024,Bengaluru,Karnataka,33.1,26.5,29.8,51.7,0.0,15.0,245,Poor,1011.1,93.9
9/29/2024,Bengaluru,Karnataka,29.3,19.3,24.3,70.6,0.0,9.5,349,Very Poor,992.6,81.4
9/30/2024,Bengaluru,Karnataka,34.8,28.3,31.6,87.5,0.0,13.5,342,Very Poor,1018.6,19.9
10/1/2024,Bengaluru,Karnataka,28.2,17.8,23.0,50.9,0.0,17.2,68,Satisfactory,1012.2,78.1
10/2/2024,Bengaluru,Karnataka,33.1,19.3,26.2,44.0,19.4,15.6,146,Moderate,1011.9,46.2
10/3/2024,Bengaluru,Karnataka,38.0,26.6,32.3,34.8,0.0,11.6,125,Moderate,1014.9,5.9
10/4/2024,Bengaluru,Karnataka,35.6,24.4,30.0,56.2,0.0,8.4,149,Moderate,991.4,6.3
10/5/2024,Bengaluru,Karnataka,41.0,29.9,35.5,40.2,8.5,19.8,94,Satisfactory,1000.4,12.1
10/6/2024,Bengaluru,Karnataka,29.0,17.1,23.1,85.3,0.0,11.6,128,Moderate,1003.2,93.4
10/7/2024,Bengaluru,Karnataka,33.9,19.9,26.9,53.3,4.9,7.6,322,Very Poor,1001.4,38.5
10/8/2024,Bengaluru,Karnataka,33.5,20.1,26.8,76.4,0.0,2.2,198,Moderate,1018.3,16.7
10/9/2024,Bengaluru,Karnataka,37.0,31.3,34.1,55.9,3.1,15.5,128,Moderate,1012.1,20.1
10/10/2024,Bengaluru,Karnataka,39.7,25.0,32.4,54.7,0.7,23.8,81,Satisfactory,993.6,37.5
10/11/2024,Bengaluru,Karnataka,41.5,32.9,37.2,52.6,4.7,9.5,262,Poor,1010.5,42.0
10/12/2024,Bengaluru,Karnataka,38.4,25.6,32.0,76.2,0.0,6.6,141,Moderate,993.0,55.1
10/13/2024,Bengaluru,Karnataka,35.6,25.8,30.7,82.4,0.0,16.6,109,Moderate,1014.6,90.4
10/14/2024,Bengaluru,Karnataka,27.5,18.2,22.8,48.9,0.0,18.5,274,Poor,1002.7,38.6
10/15/2024,Bengaluru,Karnataka,32.6,18.5,25.6,45.2,5.8,15.0,108,Moderate,1022.3,14.7
10/16/2024,Bengaluru,Karnataka,34.0,22.9,28.4,65.5,8.0,13.5,56,Satisfactory,1002.4,93.7
10/17/2024,Bengaluru,Karnataka,40.2,32.0,36.1,45.9,0.0,22.1,172,Moderate,1014.1,37.8
10/18/2024,Bengaluru,Karnataka,41.9,36.7,39.3,45.2,37.0,8.3,66,Satisfactory,997.6,25.3
10/19/2024,Bengaluru,Karnataka,26.1,16.4,21.2,43.6,0.0,14.4,285,Poor,1016.2,15.7
10/20/2024,Bengaluru,Karnataka,38.1,25.5,31.8,37.4,0.0,7.7,201,Poor,1010.1,88.8
10/21/2024,Bengaluru,Karnataka,38.2,24.1,31.2,45.3,47.7,3.2,46,Good,1004.9,22.3
10/22/2024,Bengaluru,Karnataka,36.6,25.0,30.8,85.6,0.0,24.5,292,Poor,1009.4,94.1
10/23/2024,Bengaluru,Karnataka,33.1,19.8,26.4,34.8,0.0,11.7,310,Very Poor,1018.0,31.7
10/24/2024,Bengaluru,Karnataka,28.4,22.1,25.2,66.7,0.6,20.1,210,Poor,990.6,9.5
10/25/2024,Bengaluru,Karnataka,42.5,30.7,36.6,48.2,0.0,14.1,167,Moderate,999.7,71.5
10/26/2024,Bengaluru,Karnataka,35.6,27.3,31.4,81.4,0.0,8.3,331,Very Poor,1022.2,46.5
10/27/2024,Bengaluru,Karnataka,44.0,34.7,39.3,57.9,0.0,6.9,94,Satisfactory,1017.1,35.4
10/28/2024,Bengaluru,Karnataka,32.0,23.7,27.8,78.7,0.8,19.6,96,Satisfactory,1000.8,83.2
10/29/2024,Bengaluru,Karnataka,39.8,29.1,34.5,79.7,0.0,21.5,54,Satisfactory,1014.8,87.6
10/30/2024,Bengaluru,Karnataka,39.2,24.8,32.0,72.9,28.6,16.8,131,Moderate,1024.4,19.8
10/31/2024,Bengaluru,Karnataka,42.7,35.6,39.2,37.0,0.0,24.1,58,Satisfactory,1017.8,71.6
11/1/2024,Bengaluru,Karnataka,26.5,16.9,21.7,76.0,0.0,9.1,92,Satisfactory,1003.2,63.1
11/2/2024,Bengaluru,Karnataka,36.7,30.2,33.4,87.4,0.0,15.9,177,Moderate,1001.5,88.0
11/3/2024,Bengaluru,Karnataka,36.5,29.2,32.8,57.6,0.0,17.2,210,Poor,993.3,7.2
11/4/2024,Bengaluru,Karnataka,29.3,17.6,23.5,42.1,0.0,8.9,213,Poor,1023.2,53.3
11/5/2024,Bengaluru,Karnataka,36.8,24.7,30.8,64.2,7.7,24.9,287,Poor,1006.1,72.1
11/6/2024,Bengaluru,Karnataka,25.9,17.3,21.6,71.0,70.8,3.4,319,Very Poor,1019.4,79.1
11/7/2024,Bengaluru,Karnataka,44.1,31.4,37.7,94.1,3.7,17.8,321,Very Poor,991.3,32.7
11/8/2024,Bengaluru,Karnataka,28.3,19.2,23.8,88.8,0.0,10.1,172,Moderate,1001.2,94.0
11/9/2024,Bengaluru,Karnataka,28.1,21.6,24.8,57.3,0.0,10.5,76,Satisfactory,992.4,61.1
11/10/2024,Bengaluru,Karnataka,25.4,13.6,19.5,64.2,0.0,20.5,117,Moderate,1000.3,93.9
11/11/2024,Bengaluru,Karnataka,39.1,30.0,34.6,77.8,1.4,22.5,90,Satisfactory,1010.3,34.7
11/12/2024,Bengaluru,Karnataka,37.1,22.2,29.6,65.6,0.0,5.8,239,Poor,999.9,43.3
11/13/2024,Bengaluru,Karnataka,31.0,17.7,24.4,38.8,30.2,11.9,94,Satisfactory,996.0,98.7
11/14/2024,Bengaluru,Karnataka,31.4,18.2,24.8,52.9,0.0,20.0,252,Poor,1001.1,54.0
11/15/2024,Bengaluru,Karnataka,26.0,16.9,21.4,40.6,0.0,19.8,70,Satisfactory,1023.3,71.4
11/16/2024,Bengaluru,Karnataka,27.2,19.2,23.2,31.7,7.8,3.2,334,Very Poor,998.8,84.9
11/17/2024,Bengaluru,Karnataka,41.4,35.3,38.3,57.0,42.8,7.0,93,Satisfactory,993.6,63.7
11/18/2024,Bengaluru,Karnataka,41.8,29.8,35.8,30.9,0.0,14.1,122,Moderate,998.1,69.1
11/19/2024,Bengaluru,Karnataka,39.5,31.8,35.6,85.5,1.9,15.9,225,Poor,992.7,85.4
11/20/2024,Bengaluru,Karnataka,38.1,30.4,34.3,52.7,54.6,20.6,129,Moderate,1012.8,84.9
11/21/2024,Bengaluru,Karnataka,32.8,26.6,29.7,80.7,27.2,15.5,158,Moderate,1006.8,6.7
11/22/2024,Bengaluru,Karnataka,30.8,17.6,24.2,48.6,0.0,19.7,182,Moderate,995.9,25.5
11/23/2024,Bengaluru,Karnataka,35.1,25.2,30.2,34.4,0.0,15.7,78,Satisfactory,1011.2,6.4
11/24/2024,Bengaluru,Karnataka,25.9,19.5,22.7,61.6,0.0,16.1,222,Poor,1006.2,29.3
11/25/2024,Bengaluru,Karnataka,41.4,29.6,35.5,59.4,0.0,22.4,338,Very Poor,996.6,59.0
11/26/2024,Bengaluru,Karnataka,42.3,33.8,38.0,71.3,2.2,19.5,322,Very Poor,1006.2,36.8
11/27/2024,Bengaluru,Karnataka,43.4,29.1,36.2,37.0,0.0,20.7,288,Poor,1008.8,87.8
11/28/2024,Bengaluru,Karnataka,29.3,16.2,22.7,44.3,0.2,10.0,93,Satisfactory,1016.2,46.6
11/29/2024,Bengaluru,Karnataka,36.2,25.7,31.0,32.6,45.9,22.2,211,Poor,1001.9,56.6
11/30/2024,Bengaluru,Karnataka,38.9,32.1,35.5,90.6,29.3,16.4,271,Poor,1006.9,60.1
12/1/2024,Bengaluru,Karnataka,38.8,32.8,35.8,56.5,6.8,15.0,259,Poor,1017.9,35.4
12/2/2024,Bengaluru,Karnataka,29.0,21.3,25.2,30.2,37.1,2.9,79,Satisfactory,991.5,89.2
12/3/2024,Bengaluru,Karnataka,28.2,16.2,22.2,67.4,14.4,2.0,53,Satisfactory,1001.4,69.6
12/4/2024,Bengaluru,Karnataka,37.9,26.5,32.2,73.8,0.0,16.5,78,Satisfactory,1004.3,77.5
12/5/2024,Bengaluru,Karnataka,40.9,35.2,38.0,72.6,6.8,23.2,179,Moderate,1015.7,96.3
12/6/2024,Bengaluru,Karnataka,41.9,35.1,38.5,49.8,0.0,6.2,311,Very Poor,1020.8,72.1
12/7/2024,Bengaluru,Karnataka,28.0,16.1,22.0,49.5,0.0,24.4,173,Moderate,994.6,42.2
12/8/2024,Bengaluru,Karnataka,38.6,25.8,32.2,56.6,0.0,21.0,93,Satisfactory,1005.3,25.6
12/9/2024,Bengaluru,Karnataka,37.8,32.8,35.3,76.2,0.0,21.4,155,Moderate,1017.5,98.4
12/10/2024,Bengaluru,Karnataka,30.2,16.1,23.2,50.0,0.0,7.4,46,Good,1016.3,75.0
12/11/2024,Bengaluru,Karnataka,27.6,14.1,20.9,77.6,0.0,16.6,128,Moderate,1012.2,22.5
12/12/2024,Bengaluru,Karnataka,31.5,21.8,26.7,75.9,0.0,10.5,97,Satisfactory,1009.3,44.7
12/13/2024,Bengaluru,Karnataka,35.5,28.8,32.2,70.5,4.4,4.6,66,Satisfactory,1007.1,71.7
12/14/2024,Bengaluru,Karnataka,29.5,22.0,25.7,65.0,20.3,22.7,329,Very Poor,1012.2,89.7
12/15/2024,Bengaluru,Karnataka,30.7,20.4,25.5,74.4,1.3,7.4,248,Poor,1007.3,64.9
12/16/2024,Bengaluru,Karnataka,36.4,24.8,30.6,37.5,35.0,3.1,344,Very Poor,1000.4,94.5
12/17/2024,Bengaluru,Karnataka,38.6,28.2,33.4,72.1,2.8,18.5,69,Satisfactory,1010.3,64.7
12/18/2024,Bengaluru,Karnataka,41.8,32.0,36.9,93.2,0.0,23.4,274,Poor,1014.0,64.0
12/19/2024,Bengaluru,Karnataka,29.4,20.6,25.0,69.5,0.0,6.5,284,Poor,1021.4,71.4
12/20/2024,Bengaluru,Karnataka,41.5,30.4,35.9,72.0,5.0,10.8,91,Satisfactory,998.4,11.8
12/21/2024,Bengaluru,Karnataka,33.1,23.8,28.5,85.2,1.2,19.3,120,Moderate,1010.7,47.6
12/22/2024,Bengaluru,Karnataka,37.0,22.9,29.9,63.1,25.3,2.4,299,Poor,1003.8,80.0
12/23/2024,Bengaluru,Karnataka,28.8,15.3,22.0,50.8,3.0,6.0,296,Poor,1003.4,7.9
12/24/2024,Bengaluru,Karnataka,34.4,26.7,30.6,46.9,15.5,8.2,40,Good,1001.7,27.2
12/25/2024,Bengaluru,Karnataka,29.0,21.7,25.4,58.9,45.0,2.6,136,Moderate,1012.1,84.4
12/26/2024,Bengaluru,Karnataka,30.0,21.8,25.9,49.7,0.0,24.2,209,Poor,1010.4,18.1
12/27/2024,Bengaluru,Karnataka,31.4,24.9,28.2,94.2,39.0,4.1,95,Satisfactory,993.1,69.8
12/28/2024,Bengaluru,Karnataka,41.4,27.5,34.5,70.6,43.7,18.4,53,Satisfactory,1020.5,69.0
12/29/2024,Bengaluru,Karnataka,41.7,27.1,34.4,38.4,0.0,4.5,344,Very Poor,1024.7,67.3
12/30/2024,Bengaluru,Karnataka,44.6,33.0,38.8,53.1,0.0,17.7,264,Poor,1020.8,7.4
12/31/2024,Bengaluru,Karnataka,42.1,36.8,39.5,92.7,4.2,5.1,171,Moderate,992.5,83.6
1/1/2025,Bengaluru,Karnataka,30.2,16.4,23.3,68.0,0.0,9.7,257,Poor,995.6,79.3
1/2/2025,Bengaluru,Karnataka,38.9,30.5,34.7,70.7,0.0,11.7,291,Poor,1011.6,79.9
1/3/2025,Bengaluru,Karnataka,25.9,18.7,22.3,77.0,6.7,23.4,266,Poor,992.6,44.5
1/4/2025,Bengaluru,Karnataka,35.6,22.9,29.3,46.8,0.0,24.3,44,Good,1007.3,67.5
1/5/2025,Bengaluru,Karnataka,40.9,28.5,34.7,53.9,0.0,10.4,66,Satisfactory,993.7,98.8
1/6/2025,Bengaluru,Karnataka,37.7,25.6,31.7,87.3,0.0,21.5,338,Very Poor,1015.3,91.0
1/7/2025,Bengaluru,Karnataka,29.9,20.3,25.1,73.4,21.6,11.0,307,Very Poor,1019.5,53.7
1/8/2025,Bengaluru,Karnataka,40.4,27.5,33.9,49.1,8.7,18.3,260,Poor,1010.3,15.4
1/9/2025,Bengaluru,Karnataka,34.0,19.9,27.0,42.0,11.3,13.5,213,Poor,997.9,5.3
1/10/2025,Bengaluru,Karnataka,29.7,21.5,25.6,49.0,8.0,3.2,94,Satisfactory,1009.2,11.1
1/11/2025,Bengaluru,Karnataka,36.7,24.9,30.8,46.6,41.5,2.5,212,Poor,1003.3,22.1
1/12/2025,Bengaluru,Karnataka,33.5,24.2,28.9,43.6,10.2,18.9,346,Very Poor,996.0,49.9
1/13/2025,Bengaluru,Karnataka,25.2,15.6,20.4,64.0,0.0,16.1,207,Poor,1013.0,7.5
1/14/2025,Bengaluru,Karnataka,27.3,17.9,22.6,81.4,75.5,11.5,313,Very Poor,990.2,80.0
1/15/2025,Bengaluru,Karnataka,30.4,20.7,25.6,55.1,0.0,16.4,292,Poor,998.8,25.4
1/16/2025,Bengaluru,Karnataka,36.9,31.8,34.4,34.5,0.0,5.4,296,Poor,995.5,80.8
1/17/2025,Bengaluru,Karnataka,32.1,21.1,26.6,72.0,0.0,23.7,108,Moderate,1004.4,86.7
1/18/2025,Bengaluru,Karnataka,32.9,20.1,26.5,83.9,0.0,21.5,323,Very Poor,1002.0,38.8
1/19/2025,Bengaluru,Karnataka,42.7,33.6,38.1,52.7,0.0,23.6,148,Moderate,1023.6,82.2
1/20/2025,Bengaluru,Karnataka,42.1,31.4,36.8,33.9,0.0,13.8,144,Moderate,1021.8,38.3
1/21/2025,Bengaluru,Karnataka,39.7,34.6,37.2,61.7,3.3,13.8,178,Moderate,1001.7,81.6
1/22/2025,Bengaluru,Karnataka,39.4,27.9,33.7,37.7,61.3,3.1,209,Poor,991.5,66.1
1/23/2025,Bengaluru,Karnataka,39.3,30.4,34.9,82.8,0.1,14.3,252,Poor,1012.1,20.9
1/24/2025,Bengaluru,Karnataka,31.7,22.8,27.2,58.4,6.8,16.7,64,Satisfactory,996.6,31.3
1/25/2025,Bengaluru,Karnataka,31.2,17.3,24.2,91.6,9.3,16.8,130,Moderate,1000.3,99.3
1/26/2025,Bengaluru,Karnataka,31.2,23.4,27.3,33.2,0.0,4.6,261,Poor,1015.2,61.4
1/27/2025,Bengaluru,Karnataka,30.7,23.3,27.0,71.9,0.0,2.2,116,Moderate,1013.8,15.9
1/28/2025,Bengaluru,Karnataka,35.0,24.0,29.5,67.9,69.1,19.0,333,Very Poor,992.8,96.3
1/29/2025,Bengaluru,Karnataka,27.5,22.3,24.9,85.9,0.0,3.1,47,Good,1016.1,16.9
1/30/2025,Bengaluru,Karnataka,41.4,29.5,35.4,89.4,0.0,23.2,106,Moderate,1009.5,15.6
1/31/2025,Bengaluru,Karnataka,38.0,30.7,34.4,47.2,0.0,23.3,58,Satisfactory,998.4,16.1
2/1/2025,Bengaluru,Karnataka,25.0,13.0,19.0,47.3,29.2,22.5,152,Moderate,997.5,16.1
2/2/2025,Bengaluru,Karnataka,43.3,37.7,40.5,49.2,11.5,8.6,136,Moderate,991.0,99.4
2/3/2025,Bengaluru,Karnataka,37.5,26.3,31.9,61.7,0.0,17.2,149,Moderate,998.7,47.8
2/4/2025,Bengaluru,Karnataka,27.2,12.3,19.8,80.2,0.0,8.0,157,Moderate,998.8,83.8
2/5/2025,Bengaluru,Karnataka,39.8,34.0,36.9,57.0,0.0,4.9,341,Very Poor,1006.5,97.0
2/6/2025,Bengaluru,Karnataka,26.6,14.2,20.4,75.9,0.0,12.6,54,Satisfactory,994.8,66.5
2/7/2025,Bengaluru,Karnataka,30.5,25.4,27.9,93.1,8.3,20.6,212,Poor,1022.6,41.7
2/8/2025,Bengaluru,Karnataka,40.4,31.6,36.0,76.1,0.0,4.7,248,Poor,991.1,55.6
2/9/2025,Bengaluru,Karnataka,31.6,20.7,26.2,73.3,37.7,16.7,104,Moderate,1001.7,28.8
2/10/2025,Bengaluru,Karnataka,25.4,18.2,21.8,57.6,32.9,4.1,297,Poor,1023.2,86.4
2/11/2025,Bengaluru,Karnataka,26.5,16.1,21.3,81.2,0.0,20.9,200,Moderate,1007.7,54.6
2/12/2025,Bengaluru,Karnataka,25.0,11.9,18.4,62.0,0.0,10.4,96,Satisfactory,1010.2,48.8
2/13/2025,Bengaluru,Karnataka,27.9,16.5,22.2,63.8,0.4,14.8,113,Moderate,999.9,93.2
2/14/2025,Bengaluru,Karnataka,37.4,22.9,30.2,77.0,0.0,12.0,61,Satisfactory,1007.4,99.1
2/15/2025,Bengaluru,Karnataka,33.3,23.9,28.6,68.5,1.3,8.3,294,Poor,1014.0,14.3
2/16/2025,Bengaluru,Karnataka,40.2,35.2,37.7,44.5,6.7,13.6,237,Poor,1012.9,61.7
2/17/2025,Bengaluru,Karnataka,38.5,32.3,35.4,95.0,73.7,15.4,225,Poor,993.6,59.5
2/18/2025,Bengaluru,Karnataka,36.9,29.1,33.0,39.4,9.4,22.6,217,Poor,995.7,25.4
2/19/2025,Bengaluru,Karnataka,43.4,31.0,37.2,49.6,1.3,6.0,264,Poor,992.2,72.6
2/20/2025,Bengaluru,Karnataka,44.9,39.7,42.3,49.8,0.0,8.1,161,Moderate,999.0,53.0
2/21/2025,Bengaluru,Karnataka,33.2,19.5,26.3,79.3,0.0,11.8,79,Satisfactory,999.6,80.3
2/22/2025,Bengaluru,Karnataka,34.0,26.5,30.3,32.5,8.9,12.1,156,Moderate,1016.4,60.2
2/23/2025,Bengaluru,Karnataka,29.0,21.3,25.2,86.5,10.1,3.8,59,Satisfactory,1012.9,19.4
2/24/2025,Bengaluru,Karnataka,32.6,26.3,29.5,61.1,0.0,10.7,170,Moderate,994.5,28.5
2/25/2025,Bengaluru,Karnataka,39.8,29.4,34.6,35.6,0.4,2.9,122,Moderate,1014.7,67.3
2/26/2025,Bengaluru,Karnataka,26.1,18.2,22.1,44.3,0.0,8.6,152,Moderate,1008.3,99.6
2/27/2025,Bengaluru,Karnataka,36.3,26.8,31.5,68.6,0.0,7.8,294,Poor,997.0,72.2
2/28/2025,Bengaluru,Karnataka,42.9,32.0,37.5,36.2,0.0,17.2,345,Very Poor,1016.7,50.7
3/1/2025,Bengaluru,Karnataka,42.3,29.2,35.7,57.5,0.0,24.6,125,Moderate,1021.1,23.2
3/2/2025,Bengaluru,Karnataka,43.1,29.7,36.4,45.1,56.1,2.7,342,Very Poor,1006.2,98.9
3/3/2025,Bengaluru,Karnataka,42.1,28.5,35.3,60.4,0.0,4.6,147,Moderate,990.7,91.7
3/4/2025,Bengaluru,Karnataka,40.3,28.9,34.6,87.5,0.0,16.9,285,Poor,998.3,60.8
3/5/2025,Bengaluru,Karnataka,31.3,23.0,27.2,71.0,0.0,21.0,185,Moderate,1004.0,44.4
3/6/2025,Bengaluru,Karnataka,27.5,21.7,24.6,54.3,0.0,13.8,281,Poor,993.6,83.6
3/7/2025,Bengaluru,Karnataka,28.0,21.4,24.7,53.0,2.7,12.0,171,Moderate,992.0,97.7
3/8/2025,Bengaluru,Karnataka,34.4,26.6,30.5,50.1,25.8,3.5,41,Good,1004.3,76.0
3/9/2025,Bengaluru,Karnataka,35.1,29.1,32.1,78.1,0.0,14.2,267,Poor,1012.6,89.6
3/10/2025,Bengaluru,Karnataka,37.1,24.9,31.0,44.7,4.1,21.9,147,Moderate,1020.7,68.7
3/11/2025,Bengaluru,Karnataka,25.6,12.7,19.1,59.7,5.4,20.3,75,Satisfactory,1009.4,90.9
3/12/2025,Bengaluru,Karnataka,36.4,28.9,32.7,79.8,0.0,22.0,295,Poor,1009.1,22.6
3/13/2025,Bengaluru,Karnataka,34.6,28.8,31.7,70.9,28.0,21.0,149,Moderate,993.8,76.1
3/14/2025,Bengaluru,Karnataka,36.1,27.3,31.7,65.5,64.9,3.5,101,Moderate,1018.0,28.0
3/15/2025,Bengaluru,Karnataka,26.4,16.7,21.6,47.0,0.0,17.4,259,Poor,1008.6,19.0
3/16/2025,Bengaluru,Karnataka,32.4,18.3,25.4,63.2,47.8,6.6,345,Very Poor,1000.1,71.5
3/17/2025,Bengaluru,Karnataka,33.1,19.1,26.1,78.9,66.8,23.6,126,Moderate,1019.3,64.8
3/18/2025,Bengaluru,Karnataka,38.5,28.7,33.6,83.3,31.1,14.7,327,Very Poor,1022.5,70.5
3/19/2025,Bengaluru,Karnataka,41.2,29.4,35.3,76.8,49.8,2.9,216,Poor,1000.2,9.9
3/20/2025,Bengaluru,Karnataka,28.9,18.8,23.9,79.0,0.0,15.8,145,Moderate,1000.0,18.1
3/21/2025,Bengaluru,Karnataka,36.9,25.9,31.4,61.1,0.0,22.3,247,Poor,1003.5,45.3
3/22/2025,Bengaluru,Karnataka,37.9,27.4,32.6,61.6,0.0,3.2,166,Moderate,1007.2,36.4
3/23/2025,Bengaluru,Karnataka,38.1,29.6,33.8,71.8,0.0,13.6,172,Moderate,1000.0,62.1
3/24/2025,Bengaluru,Karnataka,37.4,28.7,33.0,74.5,23.1,20.1,122,Moderate,1011.9,91.3
3/25/2025,Bengaluru,Karnataka,26.5,12.1,19.3,37.6,2.6,9.9,62,Satisfactory,1023.4,59.0
3/26/2025,Bengaluru,Karnataka,43.2,37.3,40.2,40.1,2.4,3.6,341,Very Poor,1012.3,19.2
3/27/2025,Bengaluru,Karnataka,31.6,25.0,28.3,45.4,0.0,2.7,198,Moderate,999.3,74.2
3/28/2025,Bengaluru,Karnataka,28.8,14.2,21.5,66.5,0.0,18.4,83,Satisfactory,995.8,75.3
3/29/2025,Bengaluru,Karnataka,37.5,28.9,33.2,36.6,0.0,6.2,328,Very Poor,1012.7,49.2
3/30/2025,Bengaluru,Karnataka,26.1,11.3,18.7,33.8,0.0,4.5,117,Moderate,995.4,10.9
3/31/2025,Bengaluru,Karnataka,41.3,33.5,37.4,33.5,0.0,2.4,74,Satisfactory,997.9,41.9
4/1/2025,Bengaluru,Karnataka,28.8,18.0,23.4,81.6,0.0,17.8,132,Moderate,1017.3,29.1
4/2/2025,Bengaluru,Karnataka,27.5,13.2,20.3,61.8,0.0,9.1,81,Satisfactory,1012.3,14.5
4/3/2025,Bengaluru,Karnataka,43.6,29.3,36.5,45.6,0.0,9.5,54,Satisfactory,1014.0,10.9
4/4/2025,Bengaluru,Karnataka,37.7,26.0,31.9,82.9,0.0,4.8,165,Moderate,990.6,79.0
4/5/2025,Bengaluru,Karnataka,25.9,17.6,21.8,66.6,0.0,14.1,246,Poor,1012.1,13.8
4/6/2025,Bengaluru,Karnataka,40.4,35.4,37.9,90.1,0.0,2.8,145,Moderate,1025.0,77.4
4/7/2025,Bengaluru,Karnataka,30.6,22.4,26.5,32.6,0.0,12.9,147,Moderate,1019.5,40.0
4/8/2025,Bengaluru,Karnataka,27.3,15.3,21.3,40.9,0.0,6.3,119,Moderate,995.1,65.0
4/9/2025,Bengaluru,Karnataka,25.2,13.2,19.2,63.0,0.0,19.1,105,Moderate,991.7,10.2
4/10/2025,Bengaluru,Karnataka,40.0,29.6,34.8,59.3,9.4,2.3,132,Moderate,1020.3,80.4
4/11/2025,Bengaluru,Karnataka,26.2,12.7,19.4,85.9,0.0,13.3,40,Good,1021.8,77.2
4/12/2025,Bengaluru,Karnataka,31.9,23.0,27.4,87.9,5.9,14.2,339,Very Poor,1017.7,97.2
4/13/2025,Bengaluru,Karnataka,44.2,34.3,39.2,81.1,2.6,16.7,154,Moderate,1021.3,27.2
4/14/2025,Bengaluru,Karnataka,32.3,17.5,24.9,61.5,0.0,20.3,126,Moderate,1019.7,11.8
4/15/2025,Bengaluru,Karnataka,25.7,20.3,23.0,33.5,1.1,8.6,321,Very Poor,1016.1,78.5
4/16/2025,Bengaluru,Karnataka,31.6,18.4,25.0,56.4,6.3,4.3,316,Very Poor,1020.2,15.1
4/17/2025,Bengaluru,Karnataka,36.7,23.9,30.3,61.1,0.0,6.4,277,Poor,990.0,87.6
4/18/2025,Bengaluru,Karnataka,32.9,22.3,27.6,65.4,7.6,24.5,197,Moderate,1019.0,16.8
4/19/2025,Bengaluru,Karnataka,32.9,22.2,27.5,94.4,5.4,4.8,205,Poor,1017.9,20.3
4/20/2025,Bengaluru,Karnataka,44.1,32.9,38.5,92.0,0.0,10.3,131,Moderate,1007.3,67.0
4/21/2025,Bengaluru,Karnataka,39.1,29.1,34.1,53.6,0.0,5.8,230,Poor,996.1,6.0
4/22/2025,Bengaluru,Karnataka,39.8,25.7,32.8,90.3,27.0,9.5,94,Satisfactory,1013.5,85.3
4/23/2025,Bengaluru,Karnataka,39.4,24.9,32.1,86.8,58.8,17.7,199,Moderate,996.6,66.6
4/24/2025,Bengaluru,Karnataka,28.6,21.3,25.0,44.4,16.8,22.4,289,Poor,1011.5,10.9
4/25/2025,Bengaluru,Karnataka,39.7,25.2,32.5,55.0,0.0,18.6,83,Satisfactory,1012.7,91.0
4/26/2025,Bengaluru,Karnataka,43.9,35.9,39.9,81.6,0.0,2.7,43,Good,1013.0,94.6
4/27/2025,Bengaluru,Karnataka,43.5,36.9,40.2,47.5,0.0,18.0,216,Poor,999.5,32.2
4/28/2025,Bengaluru,Karnataka,27.5,21.3,24.4,45.9,0.0,18.8,200,Moderate,1016.7,27.6
4/29/2025,Bengaluru,Karnataka,30.7,23.7,27.2,34.4,0.0,2.5,134,Moderate,1022.9,96.8
4/30/2025,Bengaluru,Karnataka,42.3,35.3,38.8,70.5,7.2,6.2,269,Poor,1018.0,20.3
5/1/2025,Bengaluru,Karnataka,29.3,19.6,24.5,89.2,0.0,10.1,178,Moderate,1013.3,78.8
5/2/2025,Bengaluru,Karnataka,25.9,11.4,18.6,75.2,3.3,22.0,304,Very Poor,990.7,82.7
5/3/2025,Bengaluru,Karnataka,39.9,30.4,35.2,79.4,0.0,7.7,336,Very Poor,1001.0,35.7
5/4/2025,Bengaluru,Karnataka,44.1,35.7,39.9,76.4,0.0,8.3,120,Moderate,998.2,54.3
5/5/2025,Bengaluru,Karnataka,39.6,28.9,34.2,69.8,0.0,8.1,150,Moderate,1021.3,94.8
5/6/2025,Bengaluru,Karnataka,40.0,28.7,34.3,31.0,0.0,5.5,78,Satisfactory,1006.9,16.0
5/7/2025,Bengaluru,Karnataka,42.4,36.7,39.5,72.6,1.2,13.6,189,Moderate,1013.1,78.4
5/8/2025,Bengaluru,Karnataka,27.7,15.3,21.5,57.4,0.0,23.6,99,Satisfactory,1021.9,10.0
5/9/2025,Bengaluru,Karnataka,34.9,24.0,29.5,42.4,0.0,9.3,147,Moderate,1016.8,75.9
5/10/2025,Bengaluru,Karnataka,33.5,27.6,30.6,82.4,2.0,23.4,230,Poor,992.2,42.4
5/11/2025,Bengaluru,Karnataka,37.1,23.9,30.5,74.8,0.0,16.4,268,Poor,992.5,63.3
5/12/2025,Bengaluru,Karnataka,38.2,32.2,35.2,85.1,6.8,6.0,327,Very Poor,1009.3,63.7
5/13/2025,Bengaluru,Karnataka,30.0,24.7,27.3,76.5,3.1,3.5,324,Very Poor,1000.9,58.9
5/14/2025,Bengaluru,Karnataka,32.9,26.6,29.7,30.2,0.0,13.4,73,Satisfactory,1002.1,70.7
5/15/2025,Bengaluru,Karnataka,32.1,19.8,26.0,65.8,6.7,9.4,139,Moderate,1011.7,15.9
5/16/2025,Bengaluru,Karnataka,38.4,32.9,35.6,73.8,0.0,10.0,209,Poor,1019.4,94.9
5/17/2025,Bengaluru,Karnataka,44.2,37.0,40.6,84.6,0.0,3.6,327,Very Poor,1014.9,19.3
5/18/2025,Bengaluru,Karnataka,28.1,14.6,21.4,41.1,0.0,5.6,172,Moderate,1010.4,8.9
5/19/2025,Bengaluru,Karnataka,35.0,24.0,29.5,66.9,0.0,15.0,336,Very Poor,1004.6,39.3
5/20/2025,Bengaluru,Karnataka,30.0,20.9,25.4,48.0,0.0,23.4,316,Very Poor,1022.5,72.6
5/21/2025,Bengaluru,Karnataka,44.7,33.6,39.2,66.1,0.0,7.8,304,Very Poor,996.2,92.7
5/22/2025,Bengaluru,Karnataka,39.2,25.5,32.3,92.9,8.9,7.5,114,Moderate,992.2,10.2
5/23/2025,Bengaluru,Karnataka,37.6,30.6,34.1,66.0,72.2,13.2,40,Good,990.9,85.2
5/24/2025,Bengaluru,Karnataka,42.7,33.4,38.0,92.1,0.0,12.0,228,Poor,1014.5,87.0
5/25/2025,Bengaluru,Karnataka,28.4,19.0,23.7,90.3,0.0,23.5,237,Poor,1002.9,8.8
5/26/2025,Bengaluru,Karnataka,30.5,18.9,24.7,74.6,0.0,7.6,143,Moderate,1009.0,10.9
5/27/2025,Bengaluru,Karnataka,29.3,17.8,23.6,87.6,0.0,11.3,114,Moderate,998.1,35.6
5/28/2025,Bengaluru,Karnataka,25.2,14.6,19.9,93.8,0.0,9.2,136,Moderate,992.7,88.7
5/29/2025,Bengaluru,Karnataka,37.3,25.6,31.4,51.7,0.0,17.2,311,Very Poor,1011.1,20.9
5/30/2025,Bengaluru,Karnataka,27.2,18.9,23.1,65.2,0.0,2.3,287,Poor,1014.3,91.4
5/31/2025,Bengaluru,Karnataka,26.3,13.2,19.8,89.0,0.0,24.7,147,Moderate,992.3,68.4
6/1/2025,Bengaluru,Karnataka,32.9,22.3,27.6,44.0,0.9,16.7,108,Moderate,1002.5,27.5
6/2/2025,Bengaluru,Karnataka,33.6,19.9,26.7,47.4,0.0,8.1,337,Very Poor,1013.4,74.0
6/3/2025,Bengaluru,Karnataka,42.9,33.7,38.3,78.7,0.0,12.7,335,Very Poor,1021.2,81.5
6/4/2025,Bengaluru,Karnataka,35.6,26.1,30.9,91.2,33.6,21.6,336,Very Poor,1023.4,14.1
6/5/2025,Bengaluru,Karnataka,42.3,31.2,36.7,93.9,0.0,3.9,200,Moderate,1022.0,16.2
6/6/2025,Bengaluru,Karnataka,32.9,20.7,26.8,40.1,6.6,19.4,106,Moderate,1009.7,66.0
6/7/2025,Bengaluru,Karnataka,41.4,33.5,37.5,84.5,6.8,6.6,61,Satisfactory,1005.7,14.8
6/8/2025,Bengaluru,Karnataka,44.7,31.7,38.2,48.8,7.4,3.4,77,Satisfactory,1001.7,98.0
6/9/2025,Bengaluru,Karnataka,32.0,23.0,27.5,70.2,7.9,6.4,43,Good,1021.9,44.3
6/10/2025,Bengaluru,Karnataka,40.0,31.3,35.7,46.2,0.0,18.5,221,Poor,1004.8,80.6
6/11/2025,Bengaluru,Karnataka,36.1,23.9,30.0,91.2,7.8,12.4,117,Moderate,1017.2,89.2
6/12/2025,Bengaluru,Karnataka,38.0,25.3,31.7,87.4,0.0,22.9,173,Moderate,1019.5,48.7
6/13/2025,Bengaluru,Karnataka,37.9,31.4,34.6,89.5,0.0,14.5,102,Moderate,1010.4,86.7
6/14/2025,Bengaluru,Karnataka,43.0,33.4,38.2,62.7,0.0,10.4,222,Poor,1014.9,42.3
6/15/2025,Bengaluru,Karnataka,31.9,18.2,25.1,91.2,0.0,24.4,127,Moderate,1001.3,18.1
6/16/2025,Bengaluru,Karnataka,26.6,18.1,22.4,62.3,42.2,13.6,126,Moderate,1022.9,19.0
6/17/2025,Bengaluru,Karnataka,28.2,15.9,22.1,70.5,3.1,4.3,319,Very Poor,996.6,8.2
6/18/2025,Bengaluru,Karnataka,32.8,23.2,28.0,82.5,5.3,18.8,56,Satisfactory,1010.6,44.2
6/19/2025,Bengaluru,Karnataka,31.7,17.4,24.5,74.9,0.0,14.2,286,Poor,1012.0,34.0
6/20/2025,Bengaluru,Karnataka,40.8,31.9,36.3,33.0,0.0,24.4,334,Very Poor,990.5,73.5
6/21/2025,Bengaluru,Karnataka,25.2,12.2,18.7,65.6,0.0,6.6,250,Poor,999.9,51.3
6/22/2025,Bengaluru,Karnataka,41.8,36.0,38.9,72.7,0.0,12.4,98,Satisfactory,997.2,49.9
6/23/2025,Bengaluru,Karnataka,26.6,18.9,22.7,93.0,0.0,8.5,236,Poor,991.4,18.1
6/24/2025,Bengaluru,Karnataka,31.5,19.5,25.5,66.4,0.0,23.3,209,Poor,1018.4,36.4
6/25/2025,Bengaluru,Karnataka,40.4,30.5,35.5,47.3,10.0,16.9,58,Satisfactory,1020.9,22.5
6/26/2025,Bengaluru,Karnataka,40.4,26.1,33.2,89.4,0.0,11.3,234,Poor,1015.6,52.2
6/27/2025,Bengaluru,Karnataka,28.9,19.6,24.2,53.3,0.0,4.1,118,Moderate,999.1,16.0
6/28/2025,Bengaluru,Karnataka,43.0,35.0,39.0,61.4,0.0,21.0,128,Moderate,1021.9,58.8
6/29/2025,Bengaluru,Karnataka,25.1,10.6,17.9,77.1,74.1,4.2,293,Poor,995.5,22.9
6/30/2025,Bengaluru,Karnataka,38.2,32.0,35.1,50.5,0.0,9.2,247,Poor,1022.6,86.9
7/1/2025,Bengaluru,Karnataka,32.5,24.3,28.4,45.5,0.0,22.8,146,Moderate,995.3,30.1
7/2/2025,Bengaluru,Karnataka,37.3,23.8,30.6,64.8,0.0,2.9,313,Very Poor,994.6,93.3
7/3/2025,Bengaluru,Karnataka,30.1,17.7,23.9,47.9,6.1,5.8,127,Moderate,1012.9,62.2
7/4/2025,Bengaluru,Karnataka,28.3,22.4,25.3,83.3,0.0,8.9,219,Poor,1020.6,53.2
7/5/2025,Bengaluru,Karnataka,29.0,17.9,23.4,43.5,1.8,6.1,168,Moderate,994.1,8.0
7/6/2025,Bengaluru,Karnataka,26.2,20.2,23.2,45.8,70.3,18.8,80,Satisfactory,995.1,31.4
7/7/2025,Bengaluru,Karnataka,33.0,25.5,29.2,87.0,1.9,21.5,84,Satisfactory,1018.7,90.2
7/8/2025,Bengaluru,Karnataka,44.7,33.6,39.1,62.8,0.0,18.9,55,Satisfactory,1007.2,99.7
7/9/2025,Bengaluru,Karnataka,40.5,27.3,33.9,49.6,0.0,12.8,209,Poor,1000.7,34.5
7/10/2025,Bengaluru,Karnataka,38.5,25.0,31.8,30.9,0.0,15.1,296,Poor,994.0,11.9
7/11/2025,Bengaluru,Karnataka,37.6,22.8,30.2,81.1,0.0,12.2,166,Moderate,1020.6,7.6
7/12/2025,Bengaluru,Karnataka,37.5,23.8,30.7,49.4,0.0,20.9,117,Moderate,1012.2,5.2
7/13/2025,Bengaluru,Karnataka,38.4,25.1,31.7,77.7,0.0,3.2,261,Poor,1002.1,35.1
7/14/2025,Bengaluru,Karnataka,38.4,23.5,30.9,52.9,6.9,20.1,346,Very Poor,1015.4,16.3
7/15/2025,Bengaluru,Karnataka,27.6,20.0,23.8,74.8,0.0,14.3,92,Satisfactory,1013.9,78.9
7/16/2025,Bengaluru,Karnataka,43.4,37.5,40.5,37.6,0.0,6.4,187,Moderate,1006.8,28.6
7/17/2025,Bengaluru,Karnataka,43.0,32.8,37.9,47.4,0.0,20.8,336,Very Poor,991.1,22.4
7/18/2025,Bengaluru,Karnataka,28.2,23.0,25.6,38.8,0.0,20.5,65,Satisfactory,1019.9,82.0
7/19/2025,Bengaluru,Karnataka,26.9,18.8,22.9,31.7,0.0,16.2,203,Poor,991.6,52.9
7/20/2025,Bengaluru,Karnataka,39.3,28.1,33.7,46.8,0.0,24.8,327,Very Poor,1000.5,51.7
7/21/2025,Bengaluru,Karnataka,39.4,25.1,32.2,82.8,0.0,14.3,114,Moderate,991.6,69.1
7/22/2025,Bengaluru,Karnataka,33.1,24.9,29.0,49.8,8.4,8.5,104,Moderate,1018.0,8.5
7/23/2025,Bengaluru,Karnataka,41.5,27.1,34.3,44.9,0.0,18.8,150,Moderate,995.1,13.8
7/24/2025,Bengaluru,Karnataka,42.5,31.1,36.8,36.8,0.0,12.7,112,Moderate,1011.9,68.2
7/25/2025,Bengaluru,Karnataka,35.1,21.3,28.2,47.5,19.3,8.2,114,Moderate,1016.5,47.7
7/26/2025,Bengaluru,Karnataka,41.8,33.9,37.9,52.5,0.0,11.7,331,Very Poor,992.1,92.1
7/27/2025,Bengaluru,Karnataka,29.2,19.5,24.3,38.7,0.0,22.1,170,Moderate,1015.6,19.2
7/28/2025,Bengaluru,Karnataka,32.7,24.9,28.8,55.9,0.0,22.4,303,Very Poor,1015.6,73.9
7/29/2025,Bengaluru,Karnataka,27.6,15.2,21.4,83.2,0.0,5.5,204,Poor,1009.7,75.2
7/30/2025,Bengaluru,Karnataka,33.8,21.3,27.6,76.7,2.7,20.7,207,Poor,1024.9,6.8
7/31/2025,Bengaluru,Karnataka,36.9,23.1,30.0,35.5,2.4,13.1,291,Poor,1002.2,20.0
8/1/2025,Bengaluru,Karnataka,31.0,22.6,26.8,67.6,0.0,24.8,198,Moderate,993.8,22.8
8/2/2025,Bengaluru,Karnataka,28.1,19.0,23.6,40.1,0.0,3.9,338,Very Poor,1022.2,64.3
8/3/2025,Bengaluru,Karnataka,39.3,27.2,33.3,57.4,0.0,20.5,224,Poor,1015.9,30.8
8/4/2025,Bengaluru,Karnataka,25.9,18.7,22.3,61.7,0.0,3.7,244,Poor,991.3,87.0
8/5/2025,Bengaluru,Karnataka,34.5,28.8,31.7,65.9,0.0,17.9,77,Satisfactory,1009.7,21.6
8/6/2025,Bengaluru,Karnataka,27.3,15.5,21.4,37.9,0.0,12.8,93,Satisfactory,1021.4,69.6
8/7/2025,Bengaluru,Karnataka,44.7,38.4,41.5,71.4,0.0,5.1,259,Poor,991.3,20.5
8/8/2025,Bengaluru,Karnataka,28.3,15.8,22.1,66.1,7.8,7.7,310,Very Poor,1015.2,85.2
8/9/2025,Bengaluru,Karnataka,40.3,31.1,35.7,81.7,0.0,9.7,280,Poor,1018.4,64.4
8/10/2025,Bengaluru,Karnataka,32.3,24.8,28.6,74.5,0.0,2.7,298,Poor,997.7,62.6
8/11/2025,Bengaluru,Karnataka,43.1,36.7,39.9,46.9,0.0,7.8,254,Poor,994.8,89.8
8/12/2025,Bengaluru,Karnataka,32.3,27.1,29.7,77.5,6.1,9.1,290,Poor,998.5,75.4
8/13/2025,Bengaluru,Karnataka,33.4,27.3,30.3,45.0,0.0,23.7,277,Poor,1017.1,39.4
8/14/2025,Bengaluru,Karnataka,45.0,36.9,40.9,76.7,0.0,15.9,93,Satisfactory,998.3,85.9
8/15/2025,Bengaluru,Karnataka,45.0,38.9,41.9,69.5,0.0,3.3,202,Poor,1024.9,98.2
8/16/2025,Bengaluru,Karnataka,27.6,18.9,23.3,39.5,0.0,24.0,134,Moderate,1002.6,18.1
8/17/2025,Bengaluru,Karnataka,27.5,15.1,21.3,42.2,0.0,16.9,212,Poor,1019.8,30.8
8/18/2025,Bengaluru,Karnataka,26.6,15.4,21.0,35.0,31.4,18.3,45,Good,990.1,32.0
8/19/2025,Bengaluru,Karnataka,37.6,23.6,30.6,49.1,9.5,8.3,179,Moderate,992.6,82.2
8/20/2025,Bengaluru,Karnataka,31.5,24.2,27.9,47.8,0.0,6.9,256,Poor,990.3,9.5
8/21/2025,Bengaluru,Karnataka,36.1,30.6,33.4,60.4,0.0,20.9,83,Satisfactory,1015.7,90.2
8/22/2025,Bengaluru,Karnataka,38.0,26.4,32.2,35.0,0.0,17.2,52,Satisfactory,1018.1,84.0
8/23/2025,Bengaluru,Karnataka,26.7,17.0,21.9,41.1,45.5,17.7,165,Moderate,999.8,41.3
8/24/2025,Bengaluru,Karnataka,35.7,27.4,31.5,52.3,0.0,15.3,138,Moderate,990.7,62.0
8/25/2025,Bengaluru,Karnataka,33.0,26.0,29.5,36.4,26.7,7.7,59,Satisfactory,1006.8,48.5
8/26/2025,Bengaluru,Karnataka,35.7,30.5,33.1,60.3,17.6,16.7,168,Moderate,1012.6,43.4
8/27/2025,Bengaluru,Karnataka,29.8,19.8,24.8,73.0,0.0,17.2,122,Moderate,1021.1,68.6
8/28/2025,Bengaluru,Karnataka,32.7,19.0,25.9,72.2,0.0,7.4,279,Poor,1014.3,58.5
8/29/2025,Bengaluru,Karnataka,30.2,18.9,24.5,54.7,2.1,22.4,307,Very Poor,1009.4,31.5
8/30/2025,Bengaluru,Karnataka,30.6,23.3,26.9,38.1,0.0,19.9,309,Very Poor,1022.2,24.4
8/31/2025,Bengaluru,Karnataka,39.9,28.5,34.2,94.5,0.0,12.7,144,Moderate,1019.6,48.6
9/1/2025,Bengaluru,Karnataka,37.2,31.7,34.5,55.2,0.0,3.6,130,Moderate,1011.2,94.0
9/2/2025,Bengaluru,Karnataka,43.3,34.7,39.0,46.9,0.8,24.5,317,Very Poor,1008.2,74.8
9/3/2025,Bengaluru,Karnataka,43.3,35.3,39.3,35.4,5.7,14.5,185,Moderate,1003.9,5.4
9/4/2025,Bengaluru,Karnataka,27.3,17.9,22.6,35.0,47.1,24.3,183,Moderate,999.1,60.3
9/5/2025,Bengaluru,Karnataka,40.2,27.2,33.7,38.1,17.4,17.7,121,Moderate,990.7,50.2
9/6/2025,Bengaluru,Karnataka,43.3,37.0,40.2,70.0,0.0,11.8,300,Poor,1002.7,77.7
9/7/2025,Bengaluru,Karnataka,38.7,25.8,32.3,33.2,0.0,7.8,322,Very Poor,1003.0,95.0
9/8/2025,Bengaluru,Karnataka,38.1,30.3,34.2,91.8,0.0,21.2,192,Moderate,1022.3,22.8
9/9/2025,Bengaluru,Karnataka,38.8,28.5,33.6,45.5,64.8,23.9,46,Good,1016.2,10.2
9/10/2025,Bengaluru,Karnataka,31.5,18.7,25.1,78.7,7.0,16.5,224,Poor,990.1,54.0
9/11/2025,Bengaluru,Karnataka,36.1,25.6,30.9,31.3,0.0,20.3,325,Very Poor,1008.7,32.1
9/12/2025,Bengaluru,Karnataka,34.3,24.5,29.4,49.4,0.0,17.0,308,Very Poor,992.6,61.8
9/13/2025,Bengaluru,Karnataka,31.1,18.3,24.7,85.9,0.0,21.2,207,Poor,1001.1,41.6
9/14/2025,Bengaluru,Karnataka,34.1,26.3,30.2,88.7,0.6,22.4,118,Moderate,1020.7,97.8
9/15/2025,Bengaluru,Karnataka,42.8,37.1,40.0,89.9,8.7,3.7,206,Poor,994.7,40.1
9/16/2025,Bengaluru,Karnataka,34.3,20.9,27.6,69.5,0.0,21.2,43,Good,1020.4,97.1
9/17/2025,Bengaluru,Karnataka,29.5,16.1,22.8,61.2,0.0,5.2,337,Very Poor,999.8,36.7
9/18/2025,Bengaluru,Karnataka,35.6,28.0,31.8,56.5,0.0,18.1,166,Moderate,1023.3,52.0
9/19/2025,Bengaluru,Karnataka,30.1,18.4,24.3,61.1,0.0,7.0,216,Poor,1021.3,8.9
9/20/2025,Bengaluru,Karnataka,41.8,27.8,34.8,49.3,0.0,9.0,214,Poor,999.2,26.1
9/21/2025,Bengaluru,Karnataka,32.0,19.0,25.5,77.8,69.4,12.4,269,Poor,991.4,53.4
9/22/2025,Bengaluru,Karnataka,34.4,27.4,30.9,84.7,5.1,11.9,160,Moderate,1011.6,21.1
9/23/2025,Bengaluru,Karnataka,40.7,27.5,34.1,33.7,4.9,9.2,199,Moderate,1017.1,11.2
9/24/2025,Bengaluru,Karnataka,44.4,37.8,41.1,86.2,0.0,13.6,318,Very Poor,993.7,92.6
9/25/2025,Bengaluru,Karnataka,41.7,27.5,34.6,80.8,0.0,3.6,132,Moderate,1019.3,95.5
9/26/2025,Bengaluru,Karnataka,32.6,22.7,27.7,30.7,0.0,14.1,216,Poor,1023.9,30.5
9/27/2025,Bengaluru,Karnataka,43.0,37.4,40.2,71.2,0.0,16.9,271,Poor,996.5,35.5
9/28/2025,Bengaluru,Karnataka,30.1,22.8,26.4,50.8,0.0,11.8,332,Very Poor,1019.6,14.6
9/29/2025,Bengaluru,Karnataka,26.9,13.8,20.4,83.6,0.0,23.2,237,Poor,999.4,22.3
9/30/2025,Bengaluru,Karnataka,33.4,22.7,28.0,75.7,0.0,18.5,203,Poor,992.4,52.7
10/1/2025,Bengaluru,Karnataka,43.7,35.5,39.6,78.2,3.0,3.3,198,Moderate,1001.6,79.1
10/2/2025,Bengaluru,Karnataka,34.1,23.7,28.9,47.6,0.0,5.1,92,Satisfactory,1013.6,23.0
10/3/2025,Bengaluru,Karnataka,39.7,30.3,35.0,33.5,2.9,5.1,230,Poor,1000.0,12.9
10/4/2025,Bengaluru,Karnataka,43.8,37.6,40.7,91.9,0.0,17.4,210,Poor,1018.6,58.0
10/5/2025,Bengaluru,Karnataka,44.2,30.7,37.5,82.2,72.3,23.3,108,Moderate,1022.7,33.3
10/6/2025,Bengaluru,Karnataka,27.0,17.4,22.2,31.8,0.0,14.7,347,Very Poor,995.5,6.5
10/7/2025,Bengaluru,Karnataka,42.9,31.0,37.0,69.7,5.3,18.7,298,Poor,990.4,39.8
10/8/2025,Bengaluru,Karnataka,38.0,23.4,30.7,49.8,8.5,18.3,328,Very Poor,1006.8,70.2
10/9/2025,Bengaluru,Karnataka,30.0,22.5,26.2,86.2,0.0,3.7,99,Satisfactory,990.5,20.2
10/10/2025,Bengaluru,Karnataka,30.2,24.6,27.4,66.6,0.0,23.5,299,Poor,1000.7,13.8
10/11/2025,Bengaluru,Karnataka,27.3,20.8,24.0,68.4,0.0,20.1,342,Very Poor,1022.5,36.7
10/12/2025,Bengaluru,Karnataka,28.5,20.9,24.7,58.9,8.5,11.1,224,Poor,1018.2,24.0
10/13/2025,Bengaluru,Karnataka,38.4,30.9,34.7,90.2,0.0,8.5,304,Very Poor,1008.6,39.8
10/14/2025,Bengaluru,Karnataka,34.9,25.0,29.9,81.6,4.0,22.9,175,Moderate,991.6,86.7
10/15/2025,Bengaluru,Karnataka,35.6,25.2,30.4,93.7,4.4,20.8,199,Moderate,1007.6,70.7
10/16/2025,Bengaluru,Karnataka,27.1,14.1,20.6,60.0,0.4,18.9,131,Moderate,996.6,8.6
10/17/2025,Bengaluru,Karnataka,44.4,33.3,38.9,82.0,0.0,3.6,215,Poor,1009.0,18.6
10/18/2025,Bengaluru,Karnataka,39.2,29.4,34.3,89.8,15.0,5.4,269,Poor,1017.5,55.1
10/19/2025,Bengaluru,Karnataka,31.9,21.0,26.4,54.3,4.9,10.4,340,Very Poor,1005.0,59.7
10/20/2025,Bengaluru,Karnataka,25.8,12.7,19.2,79.3,0.0,8.7,197,Moderate,993.8,82.8
10/21/2025,Bengaluru,Karnataka,38.5,26.3,32.4,55.5,0.0,9.0,79,Satisfactory,993.5,37.2
10/22/2025,Bengaluru,Karnataka,40.1,28.2,34.1,58.1,0.0,22.6,256,Poor,995.0,39.1
10/23/2025,Bengaluru,Karnataka,29.6,17.8,23.7,51.7,0.0,19.5,74,Satisfactory,993.6,70.0
10/24/2025,Bengaluru,Karnataka,42.6,30.3,36.5,37.0,0.0,13.4,74,Satisfactory,1021.2,90.9
10/25/2025,Bengaluru,Karnataka,31.6,25.4,28.5,43.9,0.0,21.2,282,Poor,1007.0,80.5
10/26/2025,Bengaluru,Karnataka,27.4,16.3,21.9,45.5,0.0,2.5,268,Poor,1021.3,55.9
10/27/2025,Bengaluru,Karnataka,27.8,14.6,21.2,78.8,35.7,16.6,236,Poor,1000.0,81.6
10/28/2025,Bengaluru,Karnataka,38.5,32.0,35.3,82.6,0.0,17.0,286,Poor,991.8,75.5
10/29/2025,Bengaluru,Karnataka,32.3,26.4,29.4,36.3,0.0,12.4,307,Very Poor,1003.6,71.0
10/30/2025,Bengaluru,Karnataka,32.1,22.6,27.4,52.8,1.6,24.3,98,Satisfactory,1005.9,99.7
10/31/2025,Bengaluru,Karnataka,44.9,33.1,39.0,89.2,0.0,11.3,250,Poor,997.1,87.8
11/1/2025,Bengaluru,Karnataka,30.9,19.9,25.4,67.2,0.0,22.2,200,Moderate,997.2,88.6
11/2/2025,Bengaluru,Karnataka,34.8,20.5,27.6,50.3,0.5,22.9,86,Satisfactory,994.1,54.7
11/3/2025,Bengaluru,Karnataka,29.0,24.0,26.5,50.5,0.0,23.1,88,Satisfactory,1019.5,23.3
11/4/2025,Bengaluru,Karnataka,25.8,11.6,18.7,43.1,0.0,16.6,148,Moderate,1013.1,71.4
11/5/2025,Bengaluru,Karnataka,31.2,16.5,23.9,61.1,0.0,6.5,122,Moderate,993.4,74.7
11/6/2025,Bengaluru,Karnataka,31.7,24.6,28.2,51.0,0.0,16.3,226,Poor,1023.0,95.5
11/7/2025,Bengaluru,Karnataka,25.7,11.0,18.3,50.6,3.2,5.7,311,Very Poor,998.9,96.3
11/8/2025,Bengaluru,Karnataka,34.1,21.2,27.7,84.9,4.2,10.7,208,Poor,1004.2,17.9
11/9/2025,Bengaluru,Karnataka,33.2,19.6,26.4,40.9,6.0,24.6,230,Poor,990.1,89.0
11/10/2025,Bengaluru,Karnataka,43.8,37.7,40.8,45.6,0.0,21.8,256,Poor,1023.3,11.7
11/11/2025,Bengaluru,Karnataka,35.3,22.5,28.9,41.8,0.0,21.6,204,Poor,1005.1,75.2
11/12/2025,Bengaluru,Karnataka,33.8,19.2,26.5,34.8,5.0,2.7,68,Satisfactory,1005.9,42.5
11/13/2025,Bengaluru,Karnataka,44.4,33.3,38.9,49.3,0.0,22.9,283,Poor,1020.4,18.9
11/14/2025,Bengaluru,Karnataka,28.9,16.7,22.8,41.9,61.9,22.2,108,Moderate,1009.2,19.5
11/15/2025,Bengaluru,Karnataka,31.4,19.1,25.2,91.2,8.9,24.9,321,Very Poor,1000.3,65.3
11/16/2025,Bengaluru,Karnataka,33.5,19.4,26.5,66.2,0.0,19.4,212,Poor,992.4,73.6
11/17/2025,Bengaluru,Karnataka,40.1,32.9,36.5,38.9,16.5,21.6,116,Moderate,993.2,69.4
11/18/2025,Bengaluru,Karnataka,27.1,14.1,20.6,73.3,5.3,23.8,326,Very Poor,997.0,47.0
11/19/2025,Bengaluru,Karnataka,37.8,32.2,35.0,94.4,0.0,5.8,254,Poor,999.5,80.9
11/20/2025,Bengaluru,Karnataka,44.6,32.1,38.3,53.3,0.0,5.4,130,Moderate,1022.2,58.2
11/21/2025,Bengaluru,Karnataka,32.7,21.9,27.3,59.4,0.0,4.5,130,Moderate,1006.5,65.0
11/22/2025,Bengaluru,Karnataka,34.1,21.9,28.0,34.7,0.0,19.4,189,Moderate,1006.7,10.7
11/23/2025,Bengaluru,Karnataka,28.1,15.5,21.8,67.8,2.2,2.8,158,Moderate,996.9,89.7
11/24/2025,Bengaluru,Karnataka,44.8,36.1,40.4,44.1,8.4,13.3,148,Moderate,1012.5,8.4
11/25/2025,Bengaluru,Karnataka,39.7,30.3,35.0,75.4,0.0,4.3,122,Moderate,990.0,94.0
11/26/2025,Bengaluru,Karnataka,40.9,34.7,37.8,90.3,0.0,16.9,304,Very Poor,1014.8,87.5
11/27/2025,Bengaluru,Karnataka,40.6,28.7,34.6,59.9,0.0,10.6,318,Very Poor,995.6,86.8
11/28/2025,Bengaluru,Karnataka,42.5,33.9,38.2,70.8,51.3,17.1,191,Moderate,1004.9,85.3
11/29/2025,Bengaluru,Karnataka,44.7,34.8,39.7,83.0,78.7,12.5,228,Poor,1023.3,39.7
11/30/2025,Bengaluru,Karnataka,31.0,20.1,25.5,33.3,0.0,7.4,315,Very Poor,1018.6,88.8
12/1/2025,Bengaluru,Karnataka,33.4,25.5,29.4,45.3,0.0,8.2,223,Poor,999.7,41.3
12/2/2025,Bengaluru,Karnataka,25.2,16.6,20.9,30.1,0.0,5.5,75,Satisfactory,1016.1,23.0
12/3/2025,Bengaluru,Karnataka,36.1,29.8,32.9,33.2,0.0,12.3,293,Poor,1007.2,84.9
12/4/2025,Bengaluru,Karnataka,42.7,28.4,35.5,52.6,0.0,8.9,124,Moderate,1005.0,14.6
12/5/2025,Bengaluru,Karnataka,44.7,31.2,38.0,51.9,9.0,2.1,126,Moderate,990.8,71.0
12/6/2025,Bengaluru,Karnataka,31.0,25.6,28.3,43.2,3.3,8.5,178,Moderate,1011.5,66.2
12/7/2025,Bengaluru,Karnataka,42.5,28.3,35.4,63.6,0.0,3.4,210,Poor,1016.2,31.9
12/8/2025,Bengaluru,Karnataka,40.0,30.7,35.4,55.3,2.7,6.1,168,Moderate,998.8,60.2
12/9/2025,Bengaluru,Karnataka,34.8,27.0,30.9,40.3,0.0,10.3,295,Poor,1016.5,12.8
12/10/2025,Bengaluru,Karnataka,40.7,31.1,35.9,58.5,55.1,17.1,110,Moderate,1017.0,84.6
12/11/2025,Bengaluru,Karnataka,41.5,33.1,37.3,90.4,0.0,16.6,76,Satisfactory,1017.6,31.6
12/12/2025,Bengaluru,Karnataka,41.0,33.3,37.1,94.1,0.9,20.8,82,Satisfactory,1014.9,85.8
12/13/2025,Bengaluru,Karnataka,34.2,23.1,28.7,59.5,4.3,14.3,118,Moderate,1011.3,24.4
12/14/2025,Bengaluru,Karnataka,44.8,36.4,40.6,36.5,0.0,20.8,76,Satisfactory,1017.2,93.3
12/15/2025,Bengaluru,Karnataka,41.9,28.4,35.2,37.9,0.0,8.3,270,Poor,1000.3,81.9
12/16/2025,Bengaluru,Karnataka,29.2,22.0,25.6,34.9,0.0,19.5,98,Satisfactory,1001.4,11.7
12/17/2025,Bengaluru,Karnataka,34.9,26.5,30.7,36.3,4.6,13.4,267,Poor,1015.2,38.3
12/18/2025,Bengaluru,Karnataka,40.5,31.3,35.9,73.2,7.5,4.4,109,Moderate,1024.5,37.0
12/19/2025,Bengaluru,Karnataka,28.4,20.6,24.5,42.6,6.6,7.8,271,Poor,998.9,31.7
12/20/2025,Bengaluru,Karnataka,26.3,15.0,20.6,77.5,7.7,2.5,215,Poor,1017.1,71.8
12/21/2025,Bengaluru,Karnataka,40.2,27.0,33.6,81.5,33.8,8.4,57,Satisfactory,1022.7,46.6
12/22/2025,Bengaluru,Karnataka,36.0,22.5,29.2,61.8,7.7,16.7,125,Moderate,1016.6,81.0
12/23/2025,Bengaluru,Karnataka,42.1,30.6,36.4,35.0,20.7,9.5,187,Moderate,1007.4,35.2
12/24/2025,Bengaluru,Karnataka,31.0,19.0,25.0,92.8,0.0,13.3,177,Moderate,995.3,36.3
12/25/2025,Bengaluru,Karnataka,27.7,21.3,24.5,60.0,0.0,8.5,295,Poor,1000.7,7.3
12/26/2025,Bengaluru,Karnataka,34.5,25.1,29.8,58.5,0.0,16.2,177,Moderate,1004.4,35.8
12/27/2025,Bengaluru,Karnataka,32.1,17.2,24.6,34.5,0.0,12.2,277,Poor,1004.2,37.1
12/28/2025,Bengaluru,Karnataka,29.4,20.0,24.7,83.4,6.1,20.4,79,Satisfactory,998.1,6.8
12/29/2025,Bengaluru,Karnataka,30.4,18.0,24.2,40.3,0.0,11.2,144,Moderate,998.1,92.2
12/30/2025,Bengaluru,Karnataka,32.9,19.2,26.0,32.0,6.9,20.8,244,Poor,1021.6,72.9
12/31/2025,Bengaluru,Karnataka,32.5,19.7,26.1,46.4,8.5,24.3,60,Satisfactory,1023.3,46.3
